continent,country,competition,id_competition,season,match_id,home_team,away_team,date,file_path,has_stats
South America,Argentina,Torneo Federal A,a08z7wsz0uqx90wsj33g65fcd,2026,b2lqx30f3wps420hi72nzsb2s,Sarmiento de La Banda,Juventud Antoniana,2026-04-12,data\south_america\argentina\torneo_federal_a\a08z7wsz0uqx90wsj33g65fcd\2026\1q9caek968o8ubc43inhg6uxg\matchstats\b2lqx30f3wps420hi72nzsb2s_20260412_00_00_00_sarmiento_de_la_banda_juventud_antoniana.json,True
South America,Argentina,Torneo Federal A,a08z7wsz0uqx90wsj33g65fcd,2026,59l6cvawf5hq3r17swwpsbg2c,9 de Julio Rafaela,Atlético Escobar,2026-04-12,data\south_america\argentina\torneo_federal_a\a08z7wsz0uqx90wsj33g65fcd\2026\1q9caek968o8ubc43inhg6uxg\matchstats\59l6cvawf5hq3r17swwpsbg2c_20260412_00_00_00_9_de_julio_rafaela_atletico_escobar.json,True
South America,Argentina,Torneo Federal A,a08z7wsz0uqx90wsj33g65fcd,2026,xceu106ov2ewxzw0mv2190yc,Atenas,Huracán Las Heras,2026-04-12,data\south_america\argentina\torneo_federal_a\a08z7wsz0uqx90wsj33g65fcd\2026\1q9caek968o8ubc43inhg6uxg\matchstats\xceu106ov2ewxzw0mv2190yc_20260412_00_00_00_atenas_huracan_las_heras.json,True
South America,Argentina,Torneo Federal A,a08z7wsz0uqx90wsj33g65fcd,2026,b1343wlb1d453ctdxnqcsmm8k,San Martín Formosa,Boca Unidos,2026-04-12,data\south_america\argentina\torneo_federal_a\a08z7wsz0uqx90wsj33g65fcd\2026\1q9caek968o8ubc43inhg6uxg\matchstats\b1343wlb1d453ctdxnqcsmm8k_20260412_00_00_00_san_martin_formosa_boca_unidos.json,True
South America,Argentina,Torneo Federal A,a08z7wsz0uqx90wsj33g65fcd,2026,57kkr3n1h2czixjim8qn72tqs,Douglas Haig,El Linqueño,2026-04-12,data\south_america\argentina\torneo_federal_a\a08z7wsz0uqx90wsj33g65fcd\2026\1q9caek968o8ubc43inhg6uxg\matchstats\57kkr3n1h2czixjim8qn72tqs_20260412_00_00_00_douglas_haig_el_linqueno.json,True
South America,Argentina,Torneo Federal A,a08z7wsz0uqx90wsj33g65fcd,2026,yrh1d392138z1wcifie0usyc,Argentino Monte Maíz,FADEP,2026-04-12,data\south_america\argentina\torneo_federal_a\a08z7wsz0uqx90wsj33g65fcd\2026\1q9caek968o8ubc43inhg6uxg\matchstats\yrh1d392138z1wcifie0usyc_20260412_00_00_00_argentino_monte_maiz_fadep.json,True
South America,Argentina,Torneo Federal A,a08z7wsz0uqx90wsj33g65fcd,2026,5926ujesbcaazk2rrlxi9y39w,Gimnasia Chivilcoy,Sportivo Las Parejas,2026-04-12,data\south_america\argentina\torneo_federal_a\a08z7wsz0uqx90wsj33g65fcd\2026\1q9caek968o8ubc43inhg6uxg\matchstats\5926ujesbcaazk2rrlxi9y39w_20260412_00_00_00_gimnasia_chivilcoy_sportivo_las_parejas.json,True
South America,Argentina,Torneo Federal A,a08z7wsz0uqx90wsj33g65fcd,2026,582eihyulwvuvzwd2biwb22vo,Defensores Belgrano VR,Sportivo Belgrano,2026-04-12,data\south_america\argentina\torneo_federal_a\a08z7wsz0uqx90wsj33g65fcd\2026\1q9caek968o8ubc43inhg6uxg\matchstats\582eihyulwvuvzwd2biwb22vo_20260412_00_00_00_defensores_belgrano_vr_sportivo_belgrano.json,True
South America,Argentina,Torneo Federal A,a08z7wsz0uqx90wsj33g65fcd,2026,ya8y283mpt390iftly98nbis,Juventud Unida Univ.,Deportivo Rincón,2026-04-12,data\south_america\argentina\torneo_federal_a\a08z7wsz0uqx90wsj33g65fcd\2026\1q9caek968o8ubc43inhg6uxg\matchstats\ya8y283mpt390iftly98nbis_20260412_00_00_00_juventud_unida_univ_deportivo_rincon.json,True
South America,Argentina,Torneo Federal A,a08z7wsz0uqx90wsj33g65fcd,2026,xt6zpze3ptbfa4pwmscso74k,Cipolletti,Costa Brava,2026-04-12,data\south_america\argentina\torneo_federal_a\a08z7wsz0uqx90wsj33g65fcd\2026\1q9caek968o8ubc43inhg6uxg\matchstats\xt6zpze3ptbfa4pwmscso74k_20260412_00_00_00_cipolletti_costa_brava.json,True
South America,Argentina,Torneo Federal A,a08z7wsz0uqx90wsj33g65fcd,2026,5safxj2wxfxklp9pgx4n5vggk,Olimpo,Sol de Mayo,2026-04-12,data\south_america\argentina\torneo_federal_a\a08z7wsz0uqx90wsj33g65fcd\2026\1q9caek968o8ubc43inhg6uxg\matchstats\5safxj2wxfxklp9pgx4n5vggk_20260412_00_00_00_olimpo_sol_de_mayo.json,True
South America,Argentina,Torneo Federal A,a08z7wsz0uqx90wsj33g65fcd,2026,5tq8okc42fjxlgmi1hpydwb9w,Germinal de Rawson,Villa Mitre,2026-04-12,data\south_america\argentina\torneo_federal_a\a08z7wsz0uqx90wsj33g65fcd\2026\1q9caek968o8ubc43inhg6uxg\matchstats\5tq8okc42fjxlgmi1hpydwb9w_20260412_00_00_00_germinal_de_rawson_villa_mitre.json,True
South America,Argentina,Torneo Federal A,a08z7wsz0uqx90wsj33g65fcd,2026,58jk2k840l8hvkp6l009nalg4,Gimnasia Concepción,Independiente Chivilcoy,2026-04-11,data\south_america\argentina\torneo_federal_a\a08z7wsz0uqx90wsj33g65fcd\2026\1q9caek968o8ubc43inhg6uxg\matchstats\58jk2k840l8hvkp6l009nalg4_20260411_00_00_00_gimnasia_concepcion_independiente_chivilcoy.json,True
South America,Argentina,Torneo Federal A,a08z7wsz0uqx90wsj33g65fcd,2026,5t923ln3fcs7bo8jd8cy5xul0,Deportivo Santamarina,Circulo Deportivo,2026-04-11,data\south_america\argentina\torneo_federal_a\a08z7wsz0uqx90wsj33g65fcd\2026\1q9caek968o8ubc43inhg6uxg\matchstats\5t923ln3fcs7bo8jd8cy5xul0_20260411_00_00_00_deportivo_santamarina_circulo_deportivo.json,True
South America,Argentina,Torneo Federal A,a08z7wsz0uqx90wsj33g65fcd,2026,b244shjyevc6mya28df4bpfkk,Bartolomé Mitre,Sol de América,2026-04-11,data\south_america\argentina\torneo_federal_a\a08z7wsz0uqx90wsj33g65fcd\2026\1q9caek968o8ubc43inhg6uxg\matchstats\b244shjyevc6mya28df4bpfkk_20260411_00_00_00_bartolome_mitre_sol_de_america.json,True
South America,Argentina,Torneo Federal A,a08z7wsz0uqx90wsj33g65fcd,2026,5srspziad9hcp5ck4mnizd1xw,Alvarado,Kimberley Mar del Plata,2026-04-11,data\south_america\argentina\torneo_federal_a\a08z7wsz0uqx90wsj33g65fcd\2026\1q9caek968o8ubc43inhg6uxg\matchstats\5srspziad9hcp5ck4mnizd1xw_20260411_00_00_00_alvarado_kimberley_mar_del_plata.json,True
South America,Argentina,Torneo Federal A,a08z7wsz0uqx90wsj33g65fcd,2026,56m6hos7bfhe45mpg0sa3ni1g,Sportivo Belgrano,Gimnasia Concepción,2026-04-05,data\south_america\argentina\torneo_federal_a\a08z7wsz0uqx90wsj33g65fcd\2026\1q9caek968o8ubc43inhg6uxg\matchstats\56m6hos7bfhe45mpg0sa3ni1g_20260405_00_00_00_sportivo_belgrano_gimnasia_concepcion.json,True
South America,Argentina,Torneo Federal A,a08z7wsz0uqx90wsj33g65fcd,2026,aziqwmv2ohml2gvl588nfcsgk,Sarmiento Resistencia,Bartolomé Mitre,2026-04-05,data\south_america\argentina\torneo_federal_a\a08z7wsz0uqx90wsj33g65fcd\2026\1q9caek968o8ubc43inhg6uxg\matchstats\aziqwmv2ohml2gvl588nfcsgk_20260405_00_00_00_sarmiento_resistencia_bartolome_mitre.json,True
South America,Argentina,Torneo Federal A,a08z7wsz0uqx90wsj33g65fcd,2026,573ct3iyx26icn4yu1bg3nggk,Douglas Haig,Defensores Belgrano VR,2026-04-05,data\south_america\argentina\torneo_federal_a\a08z7wsz0uqx90wsj33g65fcd\2026\1q9caek968o8ubc43inhg6uxg\matchstats\573ct3iyx26icn4yu1bg3nggk_20260405_00_00_00_douglas_haig_defensores_belgrano_vr.json,True
South America,Argentina,Torneo Federal A,a08z7wsz0uqx90wsj33g65fcd,2026,wti6qbqqgt256pxpeddrfnys,San Martín Mendoza,Atenas,2026-04-05,data\south_america\argentina\torneo_federal_a\a08z7wsz0uqx90wsj33g65fcd\2026\1q9caek968o8ubc43inhg6uxg\matchstats\wti6qbqqgt256pxpeddrfnys_20260405_00_00_00_san_martin_mendoza_atenas.json,True
South America,Argentina,Torneo Federal A,a08z7wsz0uqx90wsj33g65fcd,2026,az0earpt5pw2sf6w91az187pw,Sol de América,Sarmiento de La Banda,2026-04-05,data\south_america\argentina\torneo_federal_a\a08z7wsz0uqx90wsj33g65fcd\2026\1q9caek968o8ubc43inhg6uxg\matchstats\az0earpt5pw2sf6w91az187pw_20260405_00_00_00_sol_de_america_sarmiento_de_la_banda.json,True
South America,Argentina,Torneo Federal A,a08z7wsz0uqx90wsj33g65fcd,2026,wcg9vupxorwp8hcmvlfp7k0k,Huracán Las Heras,Cipolletti,2026-04-05,data\south_america\argentina\torneo_federal_a\a08z7wsz0uqx90wsj33g65fcd\2026\1q9caek968o8ubc43inhg6uxg\matchstats\wcg9vupxorwp8hcmvlfp7k0k_20260405_00_00_00_huracan_las_heras_cipolletti.json,True
South America,Argentina,Torneo Federal A,a08z7wsz0uqx90wsj33g65fcd,2026,vf2zh548o3ij5n385fn9cwt0,Deportivo Rincón,Argentino Monte Maíz,2026-04-05,data\south_america\argentina\torneo_federal_a\a08z7wsz0uqx90wsj33g65fcd\2026\1q9caek968o8ubc43inhg6uxg\matchstats\vf2zh548o3ij5n385fn9cwt0_20260405_00_00_00_deportivo_rincon_argentino_monte_maiz.json,True
South America,Argentina,Torneo Federal A,a08z7wsz0uqx90wsj33g65fcd,2026,b0je82pp352m8fi7d4ty6wvmc,Tucumán Central,San Martín Formosa,2026-04-05,data\south_america\argentina\torneo_federal_a\a08z7wsz0uqx90wsj33g65fcd\2026\1q9caek968o8ubc43inhg6uxg\matchstats\b0je82pp352m8fi7d4ty6wvmc_20260405_00_00_00_tucuman_central_san_martin_formosa.json,True
South America,Argentina,Torneo Federal A,a08z7wsz0uqx90wsj33g65fcd,2026,564rc9x45u7fpxmnff46w14pg,Independiente Chivilcoy,Gimnasia Chivilcoy,2026-04-05,data\south_america\argentina\torneo_federal_a\a08z7wsz0uqx90wsj33g65fcd\2026\1q9caek968o8ubc43inhg6uxg\matchstats\564rc9x45u7fpxmnff46w14pg_20260405_00_00_00_independiente_chivilcoy_gimnasia_chivilcoy.json,True
South America,Argentina,Torneo Federal A,a08z7wsz0uqx90wsj33g65fcd,2026,55lfruffi6evrlsfst6rd7z10,Sportivo Las Parejas,9 de Julio Rafaela,2026-04-05,data\south_america\argentina\torneo_federal_a\a08z7wsz0uqx90wsj33g65fcd\2026\1q9caek968o8ubc43inhg6uxg\matchstats\55lfruffi6evrlsfst6rd7z10_20260405_00_00_00_sportivo_las_parejas_9_de_julio_rafaela.json,True
South America,Argentina,Torneo Federal A,a08z7wsz0uqx90wsj33g65fcd,2026,551wwhg1dzbt9fg1nqdttszys,El Linqueño,Atlético Escobar,2026-04-05,data\south_america\argentina\torneo_federal_a\a08z7wsz0uqx90wsj33g65fcd\2026\1q9caek968o8ubc43inhg6uxg\matchstats\551wwhg1dzbt9fg1nqdttszys_20260405_00_00_00_el_linqueno_atletico_escobar.json,True
South America,Argentina,Torneo Federal A,a08z7wsz0uqx90wsj33g65fcd,2026,5rmozho0977l0tiw0m2vd4dg4,Guillermo Brown,Olimpo,2026-04-05,data\south_america\argentina\torneo_federal_a\a08z7wsz0uqx90wsj33g65fcd\2026\1q9caek968o8ubc43inhg6uxg\matchstats\5rmozho0977l0tiw0m2vd4dg4_20260405_00_00_00_guillermo_brown_olimpo.json,True
South America,Argentina,Torneo Federal A,a08z7wsz0uqx90wsj33g65fcd,2026,5ql3ajcxjtn7yjpesphdip0r8,Kimberley Mar del Plata,Deportivo Santamarina,2026-04-05,data\south_america\argentina\torneo_federal_a\a08z7wsz0uqx90wsj33g65fcd\2026\1q9caek968o8ubc43inhg6uxg\matchstats\5ql3ajcxjtn7yjpesphdip0r8_20260405_00_00_00_kimberley_mar_del_plata_deportivo_santamarina.json,True
South America,Argentina,Torneo Federal A,a08z7wsz0uqx90wsj33g65fcd,2026,vvk6hn26kymdo33kcxbl92j8,Costa Brava,Juventud Unida Univ.,2026-04-04,data\south_america\argentina\torneo_federal_a\a08z7wsz0uqx90wsj33g65fcd\2026\1q9caek968o8ubc43inhg6uxg\matchstats\vvk6hn26kymdo33kcxbl92j8_20260404_00_00_00_costa_brava_juventud_unida_univ.json,True
South America,Argentina,Torneo Federal A,a08z7wsz0uqx90wsj33g65fcd,2026,b01866nlle2xen9vt70hl8bo4,Boca Unidos,Defensores Vilelas,2026-04-04,data\south_america\argentina\torneo_federal_a\a08z7wsz0uqx90wsj33g65fcd\2026\1q9caek968o8ubc43inhg6uxg\matchstats\b01866nlle2xen9vt70hl8bo4_20260404_00_00_00_boca_unidos_defensores_vilelas.json,True
South America,Argentina,Torneo Federal A,a08z7wsz0uqx90wsj33g65fcd,2026,5q3twa6jlx7tgegy1wr4682s4,Circulo Deportivo,Germinal de Rawson,2026-04-04,data\south_america\argentina\torneo_federal_a\a08z7wsz0uqx90wsj33g65fcd\2026\1q9caek968o8ubc43inhg6uxg\matchstats\5q3twa6jlx7tgegy1wr4682s4_20260404_00_00_00_circulo_deportivo_germinal_de_rawson.json,True
South America,Argentina,Torneo Federal A,a08z7wsz0uqx90wsj33g65fcd,2026,5r3itbcu6phhlibwspipooaac,Sol de Mayo,Alvarado,2026-04-03,data\south_america\argentina\torneo_federal_a\a08z7wsz0uqx90wsj33g65fcd\2026\1q9caek968o8ubc43inhg6uxg\matchstats\5r3itbcu6phhlibwspipooaac_20260403_00_00_00_sol_de_mayo_alvarado.json,True
South America,Argentina,Torneo Federal A,a08z7wsz0uqx90wsj33g65fcd,2026,54igdp12r2rufbwoc9hxiz47o,Atlético Escobar,Sportivo Las Parejas,2026-03-30,data\south_america\argentina\torneo_federal_a\a08z7wsz0uqx90wsj33g65fcd\2026\1q9caek968o8ubc43inhg6uxg\matchstats\54igdp12r2rufbwoc9hxiz47o_20260330_00_00_00_atletico_escobar_sportivo_las_parejas.json,True
South America,Argentina,Torneo Federal A,a08z7wsz0uqx90wsj33g65fcd,2026,axzyremvyca5zo09gnpya4rh0,Sarmiento de La Banda,Sarmiento Resistencia,2026-03-29,data\south_america\argentina\torneo_federal_a\a08z7wsz0uqx90wsj33g65fcd\2026\1q9caek968o8ubc43inhg6uxg\matchstats\axzyremvyca5zo09gnpya4rh0_20260329_00_00_00_sarmiento_de_la_banda_sarmiento_resistencia.json,True
South America,Argentina,Torneo Federal A,a08z7wsz0uqx90wsj33g65fcd,2026,axik8to5n9ukl91jt0jqwp0d0,Bartolomé Mitre,Boca Unidos,2026-03-29,data\south_america\argentina\torneo_federal_a\a08z7wsz0uqx90wsj33g65fcd\2026\1q9caek968o8ubc43inhg6uxg\matchstats\axik8to5n9ukl91jt0jqwp0d0_20260329_00_00_00_bartolome_mitre_boca_unidos.json,True
South America,Argentina,Torneo Federal A,a08z7wsz0uqx90wsj33g65fcd,2026,531d8bdnh7hpf43bv3v6zbk7o,Gimnasia Concepción,Douglas Haig,2026-03-29,data\south_america\argentina\torneo_federal_a\a08z7wsz0uqx90wsj33g65fcd\2026\1q9caek968o8ubc43inhg6uxg\matchstats\531d8bdnh7hpf43bv3v6zbk7o_20260329_00_00_00_gimnasia_concepcion_douglas_haig.json,True
South America,Argentina,Torneo Federal A,a08z7wsz0uqx90wsj33g65fcd,2026,ugda4wfx0jgujx0tvt2zmcyc,Argentino Monte Maíz,Costa Brava,2026-03-29,data\south_america\argentina\torneo_federal_a\a08z7wsz0uqx90wsj33g65fcd\2026\1q9caek968o8ubc43inhg6uxg\matchstats\ugda4wfx0jgujx0tvt2zmcyc_20260329_00_00_00_argentino_monte_maiz_costa_brava.json,True
South America,Argentina,Torneo Federal A,a08z7wsz0uqx90wsj33g65fcd,2026,5pjw36eqjghjh5x1wftam6z9w,Villa Mitre,Circulo Deportivo,2026-03-29,data\south_america\argentina\torneo_federal_a\a08z7wsz0uqx90wsj33g65fcd\2026\1q9caek968o8ubc43inhg6uxg\matchstats\5pjw36eqjghjh5x1wftam6z9w_20260329_00_00_00_villa_mitre_circulo_deportivo.json,True
South America,Argentina,Torneo Federal A,a08z7wsz0uqx90wsj33g65fcd,2026,52jyxh2p1gltqeoxw5mgd589g,Defensores Belgrano VR,El Linqueño,2026-03-29,data\south_america\argentina\torneo_federal_a\a08z7wsz0uqx90wsj33g65fcd\2026\1q9caek968o8ubc43inhg6uxg\matchstats\52jyxh2p1gltqeoxw5mgd589g_20260329_00_00_00_defensores_belgrano_vr_el_linqueno.json,True
South America,Argentina,Torneo Federal A,a08z7wsz0uqx90wsj33g65fcd,2026,tir1qh075g7bcztpiqtdfaxg,Cipolletti,San Martín Mendoza,2026-03-29,data\south_america\argentina\torneo_federal_a\a08z7wsz0uqx90wsj33g65fcd\2026\1q9caek968o8ubc43inhg6uxg\matchstats\tir1qh075g7bcztpiqtdfaxg_20260329_00_00_00_cipolletti_san_martin_mendoza.json,True
South America,Argentina,Torneo Federal A,a08z7wsz0uqx90wsj33g65fcd,2026,5o0vo1t6tq0l8f2re2qnmfk7o,Alvarado,Guillermo Brown,2026-03-29,data\south_america\argentina\torneo_federal_a\a08z7wsz0uqx90wsj33g65fcd\2026\1q9caek968o8ubc43inhg6uxg\matchstats\5o0vo1t6tq0l8f2re2qnmfk7o_20260329_00_00_00_alvarado_guillermo_brown.json,True
South America,Argentina,Torneo Federal A,a08z7wsz0uqx90wsj33g65fcd,2026,53j69nispoiwt4z5m2po1dmvo,Gimnasia Chivilcoy,Sportivo Belgrano,2026-03-29,data\south_america\argentina\torneo_federal_a\a08z7wsz0uqx90wsj33g65fcd\2026\1q9caek968o8ubc43inhg6uxg\matchstats\53j69nispoiwt4z5m2po1dmvo_20260329_00_00_00_gimnasia_chivilcoy_sportivo_belgrano.json,True
South America,Argentina,Torneo Federal A,a08z7wsz0uqx90wsj33g65fcd,2026,5ozizss92rbm992l339im75lg,Germinal de Rawson,Kimberley Mar del Plata,2026-03-29,data\south_america\argentina\torneo_federal_a\a08z7wsz0uqx90wsj33g65fcd\2026\1q9caek968o8ubc43inhg6uxg\matchstats\5ozizss92rbm992l339im75lg_20260329_00_00_00_germinal_de_rawson_kimberley_mar_del_plata.json,True
South America,Argentina,Torneo Federal A,a08z7wsz0uqx90wsj33g65fcd,2026,540j999tcpbivolfqynwoo7x0,9 de Julio Rafaela,Independiente Chivilcoy,2026-03-29,data\south_america\argentina\torneo_federal_a\a08z7wsz0uqx90wsj33g65fcd\2026\1q9caek968o8ubc43inhg6uxg\matchstats\540j999tcpbivolfqynwoo7x0_20260329_00_00_00_9_de_julio_rafaela_independiente_chivilcoy.json,True
South America,Argentina,Torneo Federal A,a08z7wsz0uqx90wsj33g65fcd,2026,5oih6y4f9tq7jayl9gbgsr09g,Deportivo Santamarina,Sol de Mayo,2026-03-28,data\south_america\argentina\torneo_federal_a\a08z7wsz0uqx90wsj33g65fcd\2026\1q9caek968o8ubc43inhg6uxg\matchstats\5oih6y4f9tq7jayl9gbgsr09g_20260328_00_00_00_deportivo_santamarina_sol_de_mayo.json,True
South America,Argentina,Torneo Federal A,a08z7wsz0uqx90wsj33g65fcd,2026,tzjehcydtslis0whc20hs178,Juventud Unida Univ.,Huracán Las Heras,2026-03-28,data\south_america\argentina\torneo_federal_a\a08z7wsz0uqx90wsj33g65fcd\2026\1q9caek968o8ubc43inhg6uxg\matchstats\tzjehcydtslis0whc20hs178_20260328_00_00_00_juventud_unida_univ_huracan_las_heras.json,True
South America,Argentina,Torneo Federal A,a08z7wsz0uqx90wsj33g65fcd,2026,ax0mogl9062nt82zooz7lry1g,Defensores Vilelas,Tucumán Central,2026-03-28,data\south_america\argentina\torneo_federal_a\a08z7wsz0uqx90wsj33g65fcd\2026\1q9caek968o8ubc43inhg6uxg\matchstats\ax0mogl9062nt82zooz7lry1g_20260328_00_00_00_defensores_vilelas_tucuman_central.json,True
South America,Argentina,Torneo Federal A,a08z7wsz0uqx90wsj33g65fcd,2026,uyfsknx984roan6uz7pnxuz8,FADEP,Deportivo Rincón,2026-03-28,data\south_america\argentina\torneo_federal_a\a08z7wsz0uqx90wsj33g65fcd\2026\1q9caek968o8ubc43inhg6uxg\matchstats\uyfsknx984roan6uz7pnxuz8_20260328_00_00_00_fadep_deportivo_rincon.json,True
South America,Argentina,Torneo Federal A,a08z7wsz0uqx90wsj33g65fcd,2026,ayiyo7kq9e2iku91bdi3tr0us,Juventud Antoniana,Sol de América,2026-03-28,data\south_america\argentina\torneo_federal_a\a08z7wsz0uqx90wsj33g65fcd\2026\1q9caek968o8ubc43inhg6uxg\matchstats\ayiyo7kq9e2iku91bdi3tr0us_20260328_00_00_00_juventud_antoniana_sol_de_america.json,True
South America,Argentina,Torneo Federal A,a08z7wsz0uqx90wsj33g65fcd,2026,511yls042217l10nphxe8ahas,Douglas Haig,Gimnasia Chivilcoy,2026-03-22,data\south_america\argentina\torneo_federal_a\a08z7wsz0uqx90wsj33g65fcd\2026\1q9caek968o8ubc43inhg6uxg\matchstats\511yls042217l10nphxe8ahas_20260322_00_00_00_douglas_haig_gimnasia_chivilcoy.json,True
South America,Argentina,Torneo Federal A,a08z7wsz0uqx90wsj33g65fcd,2026,av1b3nylyi6m0c90qj5292hhw,Boca Unidos,Sarmiento de La Banda,2026-03-22,data\south_america\argentina\torneo_federal_a\a08z7wsz0uqx90wsj33g65fcd\2026\1q9caek968o8ubc43inhg6uxg\matchstats\av1b3nylyi6m0c90qj5292hhw_20260322_00_00_00_boca_unidos_sarmiento_de_la_banda.json,True
South America,Argentina,Torneo Federal A,a08z7wsz0uqx90wsj33g65fcd,2026,rx3kc9mprnjnt94f4ijjddsk,Huracán Las Heras,Argentino Monte Maíz,2026-03-22,data\south_america\argentina\torneo_federal_a\a08z7wsz0uqx90wsj33g65fcd\2026\1q9caek968o8ubc43inhg6uxg\matchstats\rx3kc9mprnjnt94f4ijjddsk_20260322_00_00_00_huracan_las_heras_argentino_monte_maiz.json,True
South America,Argentina,Torneo Federal A,a08z7wsz0uqx90wsj33g65fcd,2026,awc2m0hcx39u8ybescs3v3nro,San Martín Formosa,Defensores Vilelas,2026-03-22,data\south_america\argentina\torneo_federal_a\a08z7wsz0uqx90wsj33g65fcd\2026\1q9caek968o8ubc43inhg6uxg\matchstats\awc2m0hcx39u8ybescs3v3nro_20260322_00_00_00_san_martin_formosa_defensores_vilelas.json,True
South America,Argentina,Torneo Federal A,a08z7wsz0uqx90wsj33g65fcd,2026,avmzyftqixmh6gniw2x509udw,Tucumán Central,Bartolomé Mitre,2026-03-22,data\south_america\argentina\torneo_federal_a\a08z7wsz0uqx90wsj33g65fcd\2026\1q9caek968o8ubc43inhg6uxg\matchstats\avmzyftqixmh6gniw2x509udw_20260322_00_00_00_tucuman_central_bartolome_mitre.json,True
South America,Argentina,Torneo Federal A,a08z7wsz0uqx90wsj33g65fcd,2026,5nin3w4xoyzmiuuz8yiddq6tw,Olimpo,Alvarado,2026-03-22,data\south_america\argentina\torneo_federal_a\a08z7wsz0uqx90wsj33g65fcd\2026\1q9caek968o8ubc43inhg6uxg\matchstats\5nin3w4xoyzmiuuz8yiddq6tw_20260322_00_00_00_olimpo_alvarado.json,True
South America,Argentina,Torneo Federal A,a08z7wsz0uqx90wsj33g65fcd,2026,5muxqck5iua2q4rit7bvt3578,Guillermo Brown,Deportivo Santamarina,2026-03-22,data\south_america\argentina\torneo_federal_a\a08z7wsz0uqx90wsj33g65fcd\2026\1q9caek968o8ubc43inhg6uxg\matchstats\5muxqck5iua2q4rit7bvt3578_20260322_00_00_00_guillermo_brown_deportivo_santamarina.json,True
South America,Argentina,Torneo Federal A,a08z7wsz0uqx90wsj33g65fcd,2026,5l4dptwk7vtte1pc5klmo36z8,Kimberley Mar del Plata,Villa Mitre,2026-03-22,data\south_america\argentina\torneo_federal_a\a08z7wsz0uqx90wsj33g65fcd\2026\1q9caek968o8ubc43inhg6uxg\matchstats\5l4dptwk7vtte1pc5klmo36z8_20260322_00_00_00_kimberley_mar_del_plata_villa_mitre.json,True
South America,Argentina,Torneo Federal A,a08z7wsz0uqx90wsj33g65fcd,2026,51x87fhcno3yn03tkm0whbcpg,Defensores Belgrano VR,Gimnasia Concepción,2026-03-22,data\south_america\argentina\torneo_federal_a\a08z7wsz0uqx90wsj33g65fcd\2026\1q9caek968o8ubc43inhg6uxg\matchstats\51x87fhcno3yn03tkm0whbcpg_20260322_00_00_00_defensores_belgrano_vr_gimnasia_concepcion.json,True
South America,Argentina,Torneo Federal A,a08z7wsz0uqx90wsj33g65fcd,2026,4zvqrx68u027gomr58s3e385w,El Linqueño,Sportivo Las Parejas,2026-03-22,data\south_america\argentina\torneo_federal_a\a08z7wsz0uqx90wsj33g65fcd\2026\1q9caek968o8ubc43inhg6uxg\matchstats\4zvqrx68u027gomr58s3e385w_20260322_00_00_00_el_linqueno_sportivo_las_parejas.json,True
South America,Argentina,Torneo Federal A,a08z7wsz0uqx90wsj33g65fcd,2026,4z8jd8xx7nuld3st2h2o6pmvo,Independiente Chivilcoy,Atlético Escobar,2026-03-22,data\south_america\argentina\torneo_federal_a\a08z7wsz0uqx90wsj33g65fcd\2026\1q9caek968o8ubc43inhg6uxg\matchstats\4z8jd8xx7nuld3st2h2o6pmvo_20260322_00_00_00_independiente_chivilcoy_atletico_escobar.json,True
South America,Argentina,Torneo Federal A,a08z7wsz0uqx90wsj33g65fcd,2026,5m0uiigphd5m2q6ccsiab4o44,Sol de Mayo,Germinal de Rawson,2026-03-22,data\south_america\argentina\torneo_federal_a\a08z7wsz0uqx90wsj33g65fcd\2026\1q9caek968o8ubc43inhg6uxg\matchstats\5m0uiigphd5m2q6ccsiab4o44_20260322_00_00_00_sol_de_mayo_germinal_de_rawson.json,True
South America,Argentina,Torneo Federal A,a08z7wsz0uqx90wsj33g65fcd,2026,ra9vuzjuu2r8kvtc53o3nzf8,Costa Brava,FADEP,2026-03-21,data\south_america\argentina\torneo_federal_a\a08z7wsz0uqx90wsj33g65fcd\2026\1q9caek968o8ubc43inhg6uxg\matchstats\ra9vuzjuu2r8kvtc53o3nzf8_20260321_00_00_00_costa_brava_fadep.json,True
South America,Argentina,Torneo Federal A,a08z7wsz0uqx90wsj33g65fcd,2026,si3o2tkt0h2n8bav9ty5gjys,San Martín Mendoza,Juventud Unida Univ.,2026-03-21,data\south_america\argentina\torneo_federal_a\a08z7wsz0uqx90wsj33g65fcd\2026\1q9caek968o8ubc43inhg6uxg\matchstats\si3o2tkt0h2n8bav9ty5gjys_20260321_00_00_00_san_martin_mendoza_juventud_unida_univ.json,True
South America,Argentina,Torneo Federal A,a08z7wsz0uqx90wsj33g65fcd,2026,t1tt8ywu2vowx20vz7wx632s,Atenas,Cipolletti,2026-03-21,data\south_america\argentina\torneo_federal_a\a08z7wsz0uqx90wsj33g65fcd\2026\1q9caek968o8ubc43inhg6uxg\matchstats\t1tt8ywu2vowx20vz7wx632s_20260321_00_00_00_atenas_cipolletti.json,True
South America,Argentina,Torneo Federal A,a08z7wsz0uqx90wsj33g65fcd,2026,audvis2oyfxck9hcnfbux3bis,Sarmiento Resistencia,Juventud Antoniana,2026-03-21,data\south_america\argentina\torneo_federal_a\a08z7wsz0uqx90wsj33g65fcd\2026\1q9caek968o8ubc43inhg6uxg\matchstats\audvis2oyfxck9hcnfbux3bis_20260321_00_00_00_sarmiento_resistencia_juventud_antoniana.json,True
South America,Argentina,Torneo Federal A,a08z7wsz0uqx90wsj33g65fcd,2026,50hhcw4wl7me5aei8qzl1wb9w,Sportivo Belgrano,9 de Julio Rafaela,2026-03-21,data\south_america\argentina\torneo_federal_a\a08z7wsz0uqx90wsj33g65fcd\2026\1q9caek968o8ubc43inhg6uxg\matchstats\50hhcw4wl7me5aei8qzl1wb9w_20260321_00_00_00_sportivo_belgrano_9_de_julio_rafaela.json,True
South America,Argentina,Prim B Metro,66nxwll8fur0rtp9q7wqaki1l,2026,et7r0qqhamyblbwrtdqk88i6s,Deportivo Camioneros,Dock Sud,2026-04-12,data\south_america\argentina\prim_b_metro\66nxwll8fur0rtp9q7wqaki1l\2026\epr9s9zih7yd5dygat10o64us\matchstats\et7r0qqhamyblbwrtdqk88i6s_20260412_00_00_00_deportivo_camioneros_dock_sud.json,True
South America,Argentina,Prim B Metro,66nxwll8fur0rtp9q7wqaki1l,2026,esp3c3o6cqn84t81dbfkevk7o,Deportivo Merlo,Ituzaingó,2026-04-11,data\south_america\argentina\prim_b_metro\66nxwll8fur0rtp9q7wqaki1l\2026\epr9s9zih7yd5dygat10o64us\matchstats\esp3c3o6cqn84t81dbfkevk7o_20260411_00_00_00_deportivo_merlo_ituzaingo.json,True
South America,Argentina,Prim B Metro,66nxwll8fur0rtp9q7wqaki1l,2026,ewr73t21ogpbxt5nq8tdgn9xw,Villa Dálmine,Deportivo Laferrere,2026-04-11,data\south_america\argentina\prim_b_metro\66nxwll8fur0rtp9q7wqaki1l\2026\epr9s9zih7yd5dygat10o64us\matchstats\ewr73t21ogpbxt5nq8tdgn9xw_20260411_00_00_00_villa_dalmine_deportivo_laferrere.json,True
South America,Argentina,Prim B Metro,66nxwll8fur0rtp9q7wqaki1l,2026,evsrl2s0dj44jqi78jn0w0nbo,Real Pilar,Deportivo Armenio,2026-04-11,data\south_america\argentina\prim_b_metro\66nxwll8fur0rtp9q7wqaki1l\2026\epr9s9zih7yd5dygat10o64us\matchstats\evsrl2s0dj44jqi78jn0w0nbo_20260411_00_00_00_real_pilar_deportivo_armenio.json,True
South America,Argentina,Prim B Metro,66nxwll8fur0rtp9q7wqaki1l,2026,eutpaurqdzzpetunlezbixbf8,Villa San Carlos,Argentino Quilmes,2026-04-11,data\south_america\argentina\prim_b_metro\66nxwll8fur0rtp9q7wqaki1l\2026\epr9s9zih7yd5dygat10o64us\matchstats\eutpaurqdzzpetunlezbixbf8_20260411_00_00_00_villa_san_carlos_argentino_quilmes.json,True
South America,Argentina,Prim B Metro,66nxwll8fur0rtp9q7wqaki1l,2026,eucdw55hjhm0se2tc197tedqs,San Martín Burzaco,Defensores Unidos,2026-04-11,data\south_america\argentina\prim_b_metro\66nxwll8fur0rtp9q7wqaki1l\2026\epr9s9zih7yd5dygat10o64us\matchstats\eucdw55hjhm0se2tc197tedqs_20260411_00_00_00_san_martin_burzaco_defensores_unidos.json,True
South America,Argentina,Prim B Metro,66nxwll8fur0rtp9q7wqaki1l,2026,ettrk8et4jctbtbbkhmoco74k,Sportivo Italiano,Comunicaciones,2026-04-11,data\south_america\argentina\prim_b_metro\66nxwll8fur0rtp9q7wqaki1l\2026\epr9s9zih7yd5dygat10o64us\matchstats\ettrk8et4jctbtbbkhmoco74k_20260411_00_00_00_sportivo_italiano_comunicaciones.json,True
South America,Argentina,Prim B Metro,66nxwll8fur0rtp9q7wqaki1l,2026,exet1jcj389pexgm5xiglfdas,Excursionistas,Talleres Remedios,2026-04-10,data\south_america\argentina\prim_b_metro\66nxwll8fur0rtp9q7wqaki1l\2026\epr9s9zih7yd5dygat10o64us\matchstats\exet1jcj389pexgm5xiglfdas_20260410_00_00_00_excursionistas_talleres_remedios.json,True
South America,Argentina,Prim B Metro,66nxwll8fur0rtp9q7wqaki1l,2026,exwj6pb71qkr4axr2hdwsgaok,Arsenal,Argentino Merlo,2026-04-10,data\south_america\argentina\prim_b_metro\66nxwll8fur0rtp9q7wqaki1l\2026\epr9s9zih7yd5dygat10o64us\matchstats\exwj6pb71qkr4axr2hdwsgaok_20260410_00_00_00_arsenal_argentino_merlo.json,True
South America,Argentina,Prim B Metro,66nxwll8fur0rtp9q7wqaki1l,2026,ewa3llt4077yowxm52qooeas4,UAI Urquiza,Brown de Adrogué,2026-04-10,data\south_america\argentina\prim_b_metro\66nxwll8fur0rtp9q7wqaki1l\2026\epr9s9zih7yd5dygat10o64us\matchstats\ewa3llt4077yowxm52qooeas4_20260410_00_00_00_uai_urquiza_brown_de_adrogue.json,True
South America,Argentina,Prim B Metro,66nxwll8fur0rtp9q7wqaki1l,2026,evb19xya13katuzz40a3g1mvo,Liniers,Flandria,2026-04-10,data\south_america\argentina\prim_b_metro\66nxwll8fur0rtp9q7wqaki1l\2026\epr9s9zih7yd5dygat10o64us\matchstats\evb19xya13katuzz40a3g1mvo_20260410_00_00_00_liniers_flandria.json,True
South America,Argentina,Prim B Metro,66nxwll8fur0rtp9q7wqaki1l,2026,es7hsfeowpxr1wke9jc2nesd0,Deportivo Merlo,Deportivo Camioneros,2026-04-05,data\south_america\argentina\prim_b_metro\66nxwll8fur0rtp9q7wqaki1l\2026\epr9s9zih7yd5dygat10o64us\matchstats\es7hsfeowpxr1wke9jc2nesd0_20260405_00_00_00_deportivo_merlo_deportivo_camioneros.json,True
South America,Argentina,Prim B Metro,66nxwll8fur0rtp9q7wqaki1l,2026,erpdc82nsa5z04kob0gget3pw,Dock Sud,Sportivo Italiano,2026-04-05,data\south_america\argentina\prim_b_metro\66nxwll8fur0rtp9q7wqaki1l\2026\epr9s9zih7yd5dygat10o64us\matchstats\erpdc82nsa5z04kob0gget3pw_20260405_00_00_00_dock_sud_sportivo_italiano.json,True
South America,Argentina,Prim B Metro,66nxwll8fur0rtp9q7wqaki1l,2026,er86cnulvs5fe7jyesxcaghec,Comunicaciones,San Martín Burzaco,2026-04-05,data\south_america\argentina\prim_b_metro\66nxwll8fur0rtp9q7wqaki1l\2026\epr9s9zih7yd5dygat10o64us\matchstats\er86cnulvs5fe7jyesxcaghec_20260405_00_00_00_comunicaciones_san_martin_burzaco.json,True
South America,Argentina,Prim B Metro,66nxwll8fur0rtp9q7wqaki1l,2026,eq8yxeg8bqnr9wcaem0rdumfo,Argentino Quilmes,Liniers,2026-04-04,data\south_america\argentina\prim_b_metro\66nxwll8fur0rtp9q7wqaki1l\2026\epr9s9zih7yd5dygat10o64us\matchstats\eq8yxeg8bqnr9wcaem0rdumfo_20260404_00_00_00_argentino_quilmes_liniers.json,True
South America,Argentina,Prim B Metro,66nxwll8fur0rtp9q7wqaki1l,2026,ep8kbc2u4ctz6o9u81rzpasyc,Deportivo Armenio,UAI Urquiza,2026-04-04,data\south_america\argentina\prim_b_metro\66nxwll8fur0rtp9q7wqaki1l\2026\epr9s9zih7yd5dygat10o64us\matchstats\ep8kbc2u4ctz6o9u81rzpasyc_20260404_00_00_00_deportivo_armenio_uai_urquiza.json,True
South America,Argentina,Prim B Metro,66nxwll8fur0rtp9q7wqaki1l,2026,eo3k30vdg4wwsec8y5p68qt5g,Deportivo Laferrere,Excursionistas,2026-04-04,data\south_america\argentina\prim_b_metro\66nxwll8fur0rtp9q7wqaki1l\2026\epr9s9zih7yd5dygat10o64us\matchstats\eo3k30vdg4wwsec8y5p68qt5g_20260404_00_00_00_deportivo_laferrere_excursionistas.json,True
South America,Argentina,Prim B Metro,66nxwll8fur0rtp9q7wqaki1l,2026,epr0vy857idburuezkyuvmdqs,Flandria,Real Pilar,2026-04-04,data\south_america\argentina\prim_b_metro\66nxwll8fur0rtp9q7wqaki1l\2026\epr9s9zih7yd5dygat10o64us\matchstats\epr0vy857idburuezkyuvmdqs_20260404_00_00_00_flandria_real_pilar.json,True
South America,Argentina,Prim B Metro,66nxwll8fur0rtp9q7wqaki1l,2026,eqqmq443c6hvnptdq99zxdqtw,Defensores Unidos,Villa San Carlos,2026-04-04,data\south_america\argentina\prim_b_metro\66nxwll8fur0rtp9q7wqaki1l\2026\epr9s9zih7yd5dygat10o64us\matchstats\eqqmq443c6hvnptdq99zxdqtw_20260404_00_00_00_defensores_unidos_villa_san_carlos.json,True
South America,Argentina,Prim B Metro,66nxwll8fur0rtp9q7wqaki1l,2026,enkxv3q7i2hqj75w9nu6qqmfo,Talleres Remedios,Arsenal,2026-04-04,data\south_america\argentina\prim_b_metro\66nxwll8fur0rtp9q7wqaki1l\2026\epr9s9zih7yd5dygat10o64us\matchstats\enkxv3q7i2hqj75w9nu6qqmfo_20260404_00_00_00_talleres_remedios_arsenal.json,True
South America,Argentina,Prim B Metro,66nxwll8fur0rtp9q7wqaki1l,2026,en0g83ttyma86o7svg28kfdhw,Ituzaingó,Argentino Merlo,2026-04-03,data\south_america\argentina\prim_b_metro\66nxwll8fur0rtp9q7wqaki1l\2026\epr9s9zih7yd5dygat10o64us\matchstats\en0g83ttyma86o7svg28kfdhw_20260403_00_00_00_ituzaingo_argentino_merlo.json,True
South America,Argentina,Prim B Metro,66nxwll8fur0rtp9q7wqaki1l,2026,eopxqlf0x82mt6jey59839rf8,Brown de Adrogué,Villa Dálmine,2026-04-03,data\south_america\argentina\prim_b_metro\66nxwll8fur0rtp9q7wqaki1l\2026\epr9s9zih7yd5dygat10o64us\matchstats\eopxqlf0x82mt6jey59839rf8_20260403_00_00_00_brown_de_adrogue_villa_dalmine.json,True
South America,Argentina,Prim B Metro,66nxwll8fur0rtp9q7wqaki1l,2026,emj993vi3fk0q8iqdkpiz9d78,Argentino Merlo,Talleres Remedios,2026-03-29,data\south_america\argentina\prim_b_metro\66nxwll8fur0rtp9q7wqaki1l\2026\epr9s9zih7yd5dygat10o64us\matchstats\emj993vi3fk0q8iqdkpiz9d78_20260329_00_00_00_argentino_merlo_talleres_remedios.json,True
South America,Argentina,Prim B Metro,66nxwll8fur0rtp9q7wqaki1l,2026,ek3jipz11ft168b7jjyxm1ams,Real Pilar,Argentino Quilmes,2026-03-29,data\south_america\argentina\prim_b_metro\66nxwll8fur0rtp9q7wqaki1l\2026\epr9s9zih7yd5dygat10o64us\matchstats\ek3jipz11ft168b7jjyxm1ams_20260329_00_00_00_real_pilar_argentino_quilmes.json,True
South America,Argentina,Prim B Metro,66nxwll8fur0rtp9q7wqaki1l,2026,eila5qrhpq55i8ptora3ajxg4,San Martín Burzaco,Dock Sud,2026-03-29,data\south_america\argentina\prim_b_metro\66nxwll8fur0rtp9q7wqaki1l\2026\epr9s9zih7yd5dygat10o64us\matchstats\eila5qrhpq55i8ptora3ajxg4_20260329_00_00_00_san_martin_burzaco_dock_sud.json,True
South America,Argentina,Prim B Metro,66nxwll8fur0rtp9q7wqaki1l,2026,ejlr1wxwajn612uj9ie00zod0,Liniers,Defensores Unidos,2026-03-29,data\south_america\argentina\prim_b_metro\66nxwll8fur0rtp9q7wqaki1l\2026\epr9s9zih7yd5dygat10o64us\matchstats\ejlr1wxwajn612uj9ie00zod0_20260329_00_00_00_liniers_defensores_unidos.json,True
South America,Argentina,Prim B Metro,66nxwll8fur0rtp9q7wqaki1l,2026,ei3y7k0i4q8aqdoqt3v5tq6tw,Sportivo Italiano,Deportivo Merlo,2026-03-29,data\south_america\argentina\prim_b_metro\66nxwll8fur0rtp9q7wqaki1l\2026\epr9s9zih7yd5dygat10o64us\matchstats\ei3y7k0i4q8aqdoqt3v5tq6tw_20260329_00_00_00_sportivo_italiano_deportivo_merlo.json,True
South America,Argentina,Prim B Metro,66nxwll8fur0rtp9q7wqaki1l,2026,elkbjghszekb0qy3erqwr9puc,Excursionistas,Brown de Adrogué,2026-03-28,data\south_america\argentina\prim_b_metro\66nxwll8fur0rtp9q7wqaki1l\2026\epr9s9zih7yd5dygat10o64us\matchstats\elkbjghszekb0qy3erqwr9puc_20260328_00_00_00_excursionistas_brown_de_adrogue.json,True
South America,Argentina,Prim B Metro,66nxwll8fur0rtp9q7wqaki1l,2026,el2xkvfrreq9aus4mvzjpxmok,Villa Dálmine,Deportivo Armenio,2026-03-28,data\south_america\argentina\prim_b_metro\66nxwll8fur0rtp9q7wqaki1l\2026\epr9s9zih7yd5dygat10o64us\matchstats\el2xkvfrreq9aus4mvzjpxmok_20260328_00_00_00_villa_dalmine_deportivo_armenio.json,True
South America,Argentina,Prim B Metro,66nxwll8fur0rtp9q7wqaki1l,2026,em24w6y3297kcsq8upnaw97h0,Arsenal,Deportivo Laferrere,2026-03-28,data\south_america\argentina\prim_b_metro\66nxwll8fur0rtp9q7wqaki1l\2026\epr9s9zih7yd5dygat10o64us\matchstats\em24w6y3297kcsq8upnaw97h0_20260328_00_00_00_arsenal_deportivo_laferrere.json,True
South America,Argentina,Prim B Metro,66nxwll8fur0rtp9q7wqaki1l,2026,ekl8shpv2hwh9239vddme153o,UAI Urquiza,Flandria,2026-03-28,data\south_america\argentina\prim_b_metro\66nxwll8fur0rtp9q7wqaki1l\2026\epr9s9zih7yd5dygat10o64us\matchstats\ekl8shpv2hwh9239vddme153o_20260328_00_00_00_uai_urquiza_flandria.json,True
South America,Argentina,Prim B Metro,66nxwll8fur0rtp9q7wqaki1l,2026,ej2m8etjhdxvfg6b3ruvwmpec,Villa San Carlos,Comunicaciones,2026-03-28,data\south_america\argentina\prim_b_metro\66nxwll8fur0rtp9q7wqaki1l\2026\epr9s9zih7yd5dygat10o64us\matchstats\ej2m8etjhdxvfg6b3ruvwmpec_20260328_00_00_00_villa_san_carlos_comunicaciones.json,True
South America,Argentina,Prim B Metro,66nxwll8fur0rtp9q7wqaki1l,2026,ehmmef1zao3cryy60zuube2ac,Deportivo Camioneros,Ituzaingó,2026-03-28,data\south_america\argentina\prim_b_metro\66nxwll8fur0rtp9q7wqaki1l\2026\epr9s9zih7yd5dygat10o64us\matchstats\ehmmef1zao3cryy60zuube2ac_20260328_00_00_00_deportivo_camioneros_ituzaingo.json,True
South America,Argentina,Prim B Metro,66nxwll8fur0rtp9q7wqaki1l,2026,efof6jsjgd6khnn14zjuypm38,Comunicaciones,Liniers,2026-03-23,data\south_america\argentina\prim_b_metro\66nxwll8fur0rtp9q7wqaki1l\2026\epr9s9zih7yd5dygat10o64us\matchstats\efof6jsjgd6khnn14zjuypm38_20260323_00_00_00_comunicaciones_liniers.json,True
South America,Argentina,Prim B Metro,66nxwll8fur0rtp9q7wqaki1l,2026,eg5nz9l3da84shm0uvylcw5xw,Dock Sud,Villa San Carlos,2026-03-23,data\south_america\argentina\prim_b_metro\66nxwll8fur0rtp9q7wqaki1l\2026\epr9s9zih7yd5dygat10o64us\matchstats\eg5nz9l3da84shm0uvylcw5xw_20260323_00_00_00_dock_sud_villa_san_carlos.json,True
South America,Argentina,Prim B Metro,66nxwll8fur0rtp9q7wqaki1l,2026,eh52vszuhaugl7xoyzdzejn6c,Deportivo Camioneros,Sportivo Italiano,2026-03-22,data\south_america\argentina\prim_b_metro\66nxwll8fur0rtp9q7wqaki1l\2026\epr9s9zih7yd5dygat10o64us\matchstats\eh52vszuhaugl7xoyzdzejn6c_20260322_00_00_00_deportivo_camioneros_sportivo_italiano.json,True
South America,Argentina,Prim B Metro,66nxwll8fur0rtp9q7wqaki1l,2026,eeopmhgq4dkfrgdgiu2s4800k,Argentino Quilmes,UAI Urquiza,2026-03-22,data\south_america\argentina\prim_b_metro\66nxwll8fur0rtp9q7wqaki1l\2026\epr9s9zih7yd5dygat10o64us\matchstats\eeopmhgq4dkfrgdgiu2s4800k_20260322_00_00_00_argentino_quilmes_uai_urquiza.json,True
South America,Argentina,Torneo Proyección,2f3fydvyjz2svhlc1eo3qflwd,2026,dc9qfw996ggf4v59wu970msk4,Atlético Tucumán Res.,Tigre Res.,2026-04-09,data\south_america\argentina\torneo_proyeccion\2f3fydvyjz2svhlc1eo3qflwd\2026\3trr1fkbng6fnagct7101bpck\matchstats\dc9qfw996ggf4v59wu970msk4_20260409_00_00_00_atletico_tucuman_res_tigre_res.json,True
South America,Argentina,Torneo Proyección,2f3fydvyjz2svhlc1eo3qflwd,2026,dghxqpwjsomt3wibksr98lh5g,Huracán Res.,Estudiantes Res.,2026-04-09,data\south_america\argentina\torneo_proyeccion\2f3fydvyjz2svhlc1eo3qflwd\2026\3trr1fkbng6fnagct7101bpck\matchstats\dghxqpwjsomt3wibksr98lh5g_20260409_00_00_00_huracan_res_estudiantes_res.json,True
South America,Argentina,Torneo Proyección,2f3fydvyjz2svhlc1eo3qflwd,2026,dfupkvl5s85za76ehqy9r3dhw,Estudiantes RC Res.,Central Córdoba SdE Res.,2026-04-09,data\south_america\argentina\torneo_proyeccion\2f3fydvyjz2svhlc1eo3qflwd\2026\3trr1fkbng6fnagct7101bpck\matchstats\dfupkvl5s85za76ehqy9r3dhw_20260409_00_00_00_estudiantes_rc_res_central_cordoba_sde_res.json,True
South America,Argentina,Torneo Proyección,2f3fydvyjz2svhlc1eo3qflwd,2026,ddmspkv4kns3189dn17fb7t3o,Barracas Central Res.,Talleres de Córdoba Res.,2026-04-09,data\south_america\argentina\torneo_proyeccion\2f3fydvyjz2svhlc1eo3qflwd\2026\3trr1fkbng6fnagct7101bpck\matchstats\ddmspkv4kns3189dn17fb7t3o_20260409_00_00_00_barracas_central_res_talleres_de_cordoba_res.json,True
South America,Argentina,Torneo Proyección,2f3fydvyjz2svhlc1eo3qflwd,2026,dawx07ccaai6czg2hkb7dk9hw,Aldosivi Res.,River Plate Res.,2026-04-09,data\south_america\argentina\torneo_proyeccion\2f3fydvyjz2svhlc1eo3qflwd\2026\3trr1fkbng6fnagct7101bpck\matchstats\dawx07ccaai6czg2hkb7dk9hw_20260409_00_00_00_aldosivi_res_river_plate_res.json,True
South America,Argentina,Torneo Proyección,2f3fydvyjz2svhlc1eo3qflwd,2026,da0jsdna05hraqim8487utdzo,Sarmiento Res.,Instituto Res.,2026-04-09,data\south_america\argentina\torneo_proyeccion\2f3fydvyjz2svhlc1eo3qflwd\2026\3trr1fkbng6fnagct7101bpck\matchstats\da0jsdna05hraqim8487utdzo_20260409_00_00_00_sarmiento_res_instituto_res.json,True
South America,Argentina,Torneo Proyección,2f3fydvyjz2svhlc1eo3qflwd,2026,dag81ok3pdoztdf6a01zug1lg,Argentinos Juniors Res.,Racing Club Res.,2026-04-09,data\south_america\argentina\torneo_proyeccion\2f3fydvyjz2svhlc1eo3qflwd\2026\3trr1fkbng6fnagct7101bpck\matchstats\dag81ok3pdoztdf6a01zug1lg_20260409_00_00_00_argentinos_juniors_res_racing_club_res.json,True
South America,Argentina,Torneo Proyección,2f3fydvyjz2svhlc1eo3qflwd,2026,dhe215uyazcd3j02tmmwcm9lg,Boca Juniors Res.,Platense Res.,2026-04-08,data\south_america\argentina\torneo_proyeccion\2f3fydvyjz2svhlc1eo3qflwd\2026\3trr1fkbng6fnagct7101bpck\matchstats\dhe215uyazcd3j02tmmwcm9lg_20260408_00_00_00_boca_juniors_res_platense_res.json,True
South America,Argentina,Torneo Proyección,2f3fydvyjz2svhlc1eo3qflwd,2026,dfets3xk6cbj63t6isltka9ec,Defensa y Justicia Res.,San Martín San Juan Res.,2026-04-08,data\south_america\argentina\torneo_proyeccion\2f3fydvyjz2svhlc1eo3qflwd\2026\3trr1fkbng6fnagct7101bpck\matchstats\dfets3xk6cbj63t6isltka9ec_20260408_00_00_00_defensa_y_justicia_res_san_martin_san_juan_res.json,True
South America,Argentina,Torneo Proyección,2f3fydvyjz2svhlc1eo3qflwd,2026,dexkyobkj4b79igv6ubtdi0wk,Newell's Old Boys Res.,Independiente Riva. Res.,2026-04-08,data\south_america\argentina\torneo_proyeccion\2f3fydvyjz2svhlc1eo3qflwd\2026\3trr1fkbng6fnagct7101bpck\matchstats\dexkyobkj4b79igv6ubtdi0wk_20260408_00_00_00_newells_old_boys_res_independiente_riva_res.json,True
South America,Argentina,Torneo Proyección,2f3fydvyjz2svhlc1eo3qflwd,2026,dd7bvj7ctn2sri8qf9q580xlg,Gimnasia Mendoza Res.,Banfield Res.,2026-04-08,data\south_america\argentina\torneo_proyeccion\2f3fydvyjz2svhlc1eo3qflwd\2026\3trr1fkbng6fnagct7101bpck\matchstats\dd7bvj7ctn2sri8qf9q580xlg_20260408_00_00_00_gimnasia_mendoza_res_banfield_res.json,True
South America,Argentina,Torneo Proyección,2f3fydvyjz2svhlc1eo3qflwd,2026,dbcfrou6uo7yeb0kptopo1a8k,Gimnasia La Plata Res.,Vélez Sársfield Res.,2026-04-08,data\south_america\argentina\torneo_proyeccion\2f3fydvyjz2svhlc1eo3qflwd\2026\3trr1fkbng6fnagct7101bpck\matchstats\dbcfrou6uo7yeb0kptopo1a8k_20260408_00_00_00_gimnasia_la_plata_res_velez_sarsfield_res.json,True
South America,Argentina,Torneo Proyección,2f3fydvyjz2svhlc1eo3qflwd,2026,dhvj6cu8bltsmnybvlvy32p04,Independiente Res.,Atlético Rafaela Res.,2026-04-07,data\south_america\argentina\torneo_proyeccion\2f3fydvyjz2svhlc1eo3qflwd\2026\3trr1fkbng6fnagct7101bpck\matchstats\dhvj6cu8bltsmnybvlvy32p04_20260407_00_00_00_independiente_res_atletico_rafaela_res.json,True
South America,Argentina,Torneo Proyección,2f3fydvyjz2svhlc1eo3qflwd,2026,dgyfyrylm2e0nni8ymor5iq6s,Ferro Carril Oeste Res.,Quilmes Res.,2026-04-07,data\south_america\argentina\torneo_proyeccion\2f3fydvyjz2svhlc1eo3qflwd\2026\3trr1fkbng6fnagct7101bpck\matchstats\dgyfyrylm2e0nni8ymor5iq6s_20260407_00_00_00_ferro_carril_oeste_res_quilmes_res.json,True
South America,Argentina,Torneo Proyección,2f3fydvyjz2svhlc1eo3qflwd,2026,dei0c8lsd2umrk920udc6nvo4,Lanús Res.,Deportivo Riestra Res.,2026-04-07,data\south_america\argentina\torneo_proyeccion\2f3fydvyjz2svhlc1eo3qflwd\2026\3trr1fkbng6fnagct7101bpck\matchstats\dei0c8lsd2umrk920udc6nvo4_20260407_00_00_00_lanus_res_deportivo_riestra_res.json,True
South America,Argentina,Torneo Proyección,2f3fydvyjz2svhlc1eo3qflwd,2026,de2ebs1uujvnh6c4u9k1raqz8,Belgrano Res.,Colón Res.,2026-04-07,data\south_america\argentina\torneo_proyeccion\2f3fydvyjz2svhlc1eo3qflwd\2026\3trr1fkbng6fnagct7101bpck\matchstats\de2ebs1uujvnh6c4u9k1raqz8_20260407_00_00_00_belgrano_res_colon_res.json,True
South America,Argentina,Torneo Proyección,2f3fydvyjz2svhlc1eo3qflwd,2026,dcrm6w34ujhslfpedeltzr7kk,Godoy Cruz Res.,Rosario Central Res.,2026-04-07,data\south_america\argentina\torneo_proyeccion\2f3fydvyjz2svhlc1eo3qflwd\2026\3trr1fkbng6fnagct7101bpck\matchstats\dcrm6w34ujhslfpedeltzr7kk_20260407_00_00_00_godoy_cruz_res_rosario_central_res.json,True
South America,Argentina,Torneo Proyección,2f3fydvyjz2svhlc1eo3qflwd,2026,dbs0pph86vzjvovmlopolhqms,Unión Res.,San Lorenzo Res.,2026-04-07,data\south_america\argentina\torneo_proyeccion\2f3fydvyjz2svhlc1eo3qflwd\2026\3trr1fkbng6fnagct7101bpck\matchstats\dbs0pph86vzjvovmlopolhqms_20260407_00_00_00_union_res_san_lorenzo_res.json,True
South America,Argentina,Torneo Proyección,2f3fydvyjz2svhlc1eo3qflwd,2026,d543x8fovgwyzjmt0pbsoqexg,Sarmiento Res.,Argentinos Juniors Res.,2026-04-03,data\south_america\argentina\torneo_proyeccion\2f3fydvyjz2svhlc1eo3qflwd\2026\3trr1fkbng6fnagct7101bpck\matchstats\d543x8fovgwyzjmt0pbsoqexg_20260403_00_00_00_sarmiento_res_argentinos_juniors_res.json,True
South America,Argentina,Torneo Proyección,2f3fydvyjz2svhlc1eo3qflwd,2026,d0r1ridu8de9jyf0yd3l29b10,Instituto Res.,Talleres de Córdoba Res.,2026-04-03,data\south_america\argentina\torneo_proyeccion\2f3fydvyjz2svhlc1eo3qflwd\2026\3trr1fkbng6fnagct7101bpck\matchstats\d0r1ridu8de9jyf0yd3l29b10_20260403_00_00_00_instituto_res_talleres_de_cordoba_res.json,True
South America,Argentina,Torneo Proyección,2f3fydvyjz2svhlc1eo3qflwd,2026,d7gjsgnb6dhra5fvo62wibp5g,Central Córdoba SdE Res.,Huracán Res.,2026-04-02,data\south_america\argentina\torneo_proyeccion\2f3fydvyjz2svhlc1eo3qflwd\2026\3trr1fkbng6fnagct7101bpck\matchstats\d7gjsgnb6dhra5fvo62wibp5g_20260402_00_00_00_central_cordoba_sde_res_huracan_res.json,True
South America,Argentina,Torneo Proyección,2f3fydvyjz2svhlc1eo3qflwd,2026,d419i2d5ejcrus6c9pf8y8jdg,River Plate Res.,Gimnasia La Plata Res.,2026-04-02,data\south_america\argentina\torneo_proyeccion\2f3fydvyjz2svhlc1eo3qflwd\2026\3trr1fkbng6fnagct7101bpck\matchstats\d419i2d5ejcrus6c9pf8y8jdg_20260402_00_00_00_river_plate_res_gimnasia_la_plata_res.json,True
South America,Argentina,Torneo Proyección,2f3fydvyjz2svhlc1eo3qflwd,2026,d1um3a4hxckqcdza4livmj8yc,Rosario Central Res.,Gimnasia Mendoza Res.,2026-04-02,data\south_america\argentina\torneo_proyeccion\2f3fydvyjz2svhlc1eo3qflwd\2026\3trr1fkbng6fnagct7101bpck\matchstats\d1um3a4hxckqcdza4livmj8yc_20260402_00_00_00_rosario_central_res_gimnasia_mendoza_res.json,True
South America,Argentina,Torneo Proyección,2f3fydvyjz2svhlc1eo3qflwd,2026,d6hpwk6n3hcna9s7ruhlch5hw,Quilmes Res.,Boca Juniors Res.,2026-04-01,data\south_america\argentina\torneo_proyeccion\2f3fydvyjz2svhlc1eo3qflwd\2026\3trr1fkbng6fnagct7101bpck\matchstats\d6hpwk6n3hcna9s7ruhlch5hw_20260401_00_00_00_quilmes_res_boca_juniors_res.json,True
South America,Argentina,Torneo Proyección,2f3fydvyjz2svhlc1eo3qflwd,2026,d7wf8fuo600kv2y9uw39zds0k,San Martín San Juan Res.,Estudiantes RC Res.,2026-04-01,data\south_america\argentina\torneo_proyeccion\2f3fydvyjz2svhlc1eo3qflwd\2026\3trr1fkbng6fnagct7101bpck\matchstats\d7wf8fuo600kv2y9uw39zds0k_20260401_00_00_00_san_martin_san_juan_res_estudiantes_rc_res.json,True
South America,Argentina,Torneo Proyección,2f3fydvyjz2svhlc1eo3qflwd,2026,d6yekfr9q34sldisvhy79lfdg,Estudiantes Res.,Ferro Carril Oeste Res.,2026-04-01,data\south_america\argentina\torneo_proyeccion\2f3fydvyjz2svhlc1eo3qflwd\2026\3trr1fkbng6fnagct7101bpck\matchstats\d6yekfr9q34sldisvhy79lfdg_20260401_00_00_00_estudiantes_res_ferro_carril_oeste_res.json,True
South America,Argentina,Torneo Proyección,2f3fydvyjz2svhlc1eo3qflwd,2026,d3ld7p03hwj5349qwdxr9dclw,Vélez Sársfield Res.,Unión Res.,2026-04-01,data\south_america\argentina\torneo_proyeccion\2f3fydvyjz2svhlc1eo3qflwd\2026\3trr1fkbng6fnagct7101bpck\matchstats\d3ld7p03hwj5349qwdxr9dclw_20260401_00_00_00_velez_sarsfield_res_union_res.json,True
South America,Argentina,Torneo Proyección,2f3fydvyjz2svhlc1eo3qflwd,2026,d3264ksa137fzudisrxt9nhn8,San Lorenzo Res.,Atlético Tucumán Res.,2026-04-01,data\south_america\argentina\torneo_proyeccion\2f3fydvyjz2svhlc1eo3qflwd\2026\3trr1fkbng6fnagct7101bpck\matchstats\d3264ksa137fzudisrxt9nhn8_20260401_00_00_00_san_lorenzo_res_atletico_tucuman_res.json,True
South America,Argentina,Torneo Proyección,2f3fydvyjz2svhlc1eo3qflwd,2026,d2kj4wf3bjktbdktjh9kzfn6c,Tigre Res.,Godoy Cruz Res.,2026-04-01,data\south_america\argentina\torneo_proyeccion\2f3fydvyjz2svhlc1eo3qflwd\2026\3trr1fkbng6fnagct7101bpck\matchstats\d2kj4wf3bjktbdktjh9kzfn6c_20260401_00_00_00_tigre_res_godoy_cruz_res.json,True
South America,Argentina,Torneo Proyección,2f3fydvyjz2svhlc1eo3qflwd,2026,d17rv0m8xy3wv69dzx1fwowes,Banfield Res.,Barracas Central Res.,2026-04-01,data\south_america\argentina\torneo_proyeccion\2f3fydvyjz2svhlc1eo3qflwd\2026\3trr1fkbng6fnagct7101bpck\matchstats\d17rv0m8xy3wv69dzx1fwowes_20260401_00_00_00_banfield_res_barracas_central_res.json,True
South America,Argentina,Torneo Proyección,2f3fydvyjz2svhlc1eo3qflwd,2026,d9ky7l10k2b6h6h9ftaflnztg,Belgrano Res.,Lanús Res.,2026-03-31,data\south_america\argentina\torneo_proyeccion\2f3fydvyjz2svhlc1eo3qflwd\2026\3trr1fkbng6fnagct7101bpck\matchstats\d9ky7l10k2b6h6h9ftaflnztg_20260331_00_00_00_belgrano_res_lanus_res.json,True
South America,Argentina,Torneo Proyección,2f3fydvyjz2svhlc1eo3qflwd,2026,d95dl6t02r2klm1lenscd7llg,Deportivo Riestra Res.,Newell's Old Boys Res.,2026-03-31,data\south_america\argentina\torneo_proyeccion\2f3fydvyjz2svhlc1eo3qflwd\2026\3trr1fkbng6fnagct7101bpck\matchstats\d95dl6t02r2klm1lenscd7llg_20260331_00_00_00_deportivo_riestra_res_newells_old_boys_res.json,True
South America,Argentina,Torneo Proyección,2f3fydvyjz2svhlc1eo3qflwd,2026,d8ls9kbqcfrt3abhgojvl7r4k,Independiente Riva. Res.,Defensa y Justicia Res.,2026-03-31,data\south_america\argentina\torneo_proyeccion\2f3fydvyjz2svhlc1eo3qflwd\2026\3trr1fkbng6fnagct7101bpck\matchstats\d8ls9kbqcfrt3abhgojvl7r4k_20260331_00_00_00_independiente_riva_res_defensa_y_justicia_res.json,True
South America,Argentina,Torneo Proyección,2f3fydvyjz2svhlc1eo3qflwd,2026,d60utf5h6086uo366vlxoai38,Platense Res.,Independiente Res.,2026-03-31,data\south_america\argentina\torneo_proyeccion\2f3fydvyjz2svhlc1eo3qflwd\2026\3trr1fkbng6fnagct7101bpck\matchstats\d60utf5h6086uo366vlxoai38_20260331_00_00_00_platense_res_independiente_res.json,True
South America,Argentina,Torneo Proyección,2f3fydvyjz2svhlc1eo3qflwd,2026,d5lby8ihxu83yneithnl3rqj8,Colón Res.,Atlético Rafaela Res.,2026-03-31,data\south_america\argentina\torneo_proyeccion\2f3fydvyjz2svhlc1eo3qflwd\2026\3trr1fkbng6fnagct7101bpck\matchstats\d5lby8ihxu83yneithnl3rqj8_20260331_00_00_00_colon_res_atletico_rafaela_res.json,True
South America,Argentina,Torneo Proyección,2f3fydvyjz2svhlc1eo3qflwd,2026,d4hl32lfu1eafbbw6uhi4e9zo,Racing Club Res.,Aldosivi Res.,2026-03-30,data\south_america\argentina\torneo_proyeccion\2f3fydvyjz2svhlc1eo3qflwd\2026\3trr1fkbng6fnagct7101bpck\matchstats\d4hl32lfu1eafbbw6uhi4e9zo_20260330_00_00_00_racing_club_res_aldosivi_res.json,True
South America,Argentina,Torneo Proyección,2f3fydvyjz2svhlc1eo3qflwd,2026,cu8pernx4xok8k74aet6pfaxg,Atlético Tucumán Res.,Vélez Sársfield Res.,2026-03-26,data\south_america\argentina\torneo_proyeccion\2f3fydvyjz2svhlc1eo3qflwd\2026\3trr1fkbng6fnagct7101bpck\matchstats\cu8pernx4xok8k74aet6pfaxg_20260326_00_00_00_atletico_tucuman_res_velez_sarsfield_res.json,True
South America,Argentina,Torneo Proyección,2f3fydvyjz2svhlc1eo3qflwd,2026,ctt969dzewd465fy3jnfkitjo,Unión Res.,River Plate Res.,2026-03-26,data\south_america\argentina\torneo_proyeccion\2f3fydvyjz2svhlc1eo3qflwd\2026\3trr1fkbng6fnagct7101bpck\matchstats\ctt969dzewd465fy3jnfkitjo_20260326_00_00_00_union_res_river_plate_res.json,True
South America,Argentina,Torneo Proyección,2f3fydvyjz2svhlc1eo3qflwd,2026,cvzgbu6e4khqxj4c8gnganlec,Talleres de Córdoba Res.,Banfield Res.,2026-03-26,data\south_america\argentina\torneo_proyeccion\2f3fydvyjz2svhlc1eo3qflwd\2026\3trr1fkbng6fnagct7101bpck\matchstats\cvzgbu6e4khqxj4c8gnganlec_20260326_00_00_00_talleres_de_cordoba_res_banfield_res.json,True
South America,Argentina,Torneo Proyección,2f3fydvyjz2svhlc1eo3qflwd,2026,czgg426otznuoi0igbfljt1xw,Boca Juniors Res.,Estudiantes Res.,2026-03-26,data\south_america\argentina\torneo_proyeccion\2f3fydvyjz2svhlc1eo3qflwd\2026\3trr1fkbng6fnagct7101bpck\matchstats\czgg426otznuoi0igbfljt1xw_20260326_00_00_00_boca_juniors_res_estudiantes_res.json,True
South America,Argentina,Torneo Proyección,2f3fydvyjz2svhlc1eo3qflwd,2026,d0blsavuwg7y9xb92tz04yv4k,Atlético Rafaela Res.,Platense Res.,2026-03-26,data\south_america\argentina\torneo_proyeccion\2f3fydvyjz2svhlc1eo3qflwd\2026\3trr1fkbng6fnagct7101bpck\matchstats\d0blsavuwg7y9xb92tz04yv4k_20260326_00_00_00_atletico_rafaela_res_platense_res.json,True
South America,Argentina,Torneo Proyección,2f3fydvyjz2svhlc1eo3qflwd,2026,czw1lz3uaxry1rhogqrm2fs44,Independiente Res.,Quilmes Res.,2026-03-26,data\south_america\argentina\torneo_proyeccion\2f3fydvyjz2svhlc1eo3qflwd\2026\3trr1fkbng6fnagct7101bpck\matchstats\czw1lz3uaxry1rhogqrm2fs44_20260326_00_00_00_independiente_res_quilmes_res.json,True
South America,Argentina,Torneo Proyección,2f3fydvyjz2svhlc1eo3qflwd,2026,cz0ohrc6jyr4lnxpe20fs8i6s,Ferro Carril Oeste Res.,Central Córdoba SdE Res.,2026-03-26,data\south_america\argentina\torneo_proyeccion\2f3fydvyjz2svhlc1eo3qflwd\2026\3trr1fkbng6fnagct7101bpck\matchstats\cz0ohrc6jyr4lnxpe20fs8i6s_20260326_00_00_00_ferro_carril_oeste_res_central_cordoba_sde_res.json,True
South America,Argentina,Torneo Proyección,2f3fydvyjz2svhlc1eo3qflwd,2026,cykflt14u17hbtcnnbtk1kqvo,Huracán Res.,San Martín San Juan Res.,2026-03-26,data\south_america\argentina\torneo_proyeccion\2f3fydvyjz2svhlc1eo3qflwd\2026\3trr1fkbng6fnagct7101bpck\matchstats\cykflt14u17hbtcnnbtk1kqvo_20260326_00_00_00_huracan_res_san_martin_san_juan_res.json,True
South America,Argentina,Torneo Proyección,2f3fydvyjz2svhlc1eo3qflwd,2026,cy4tz3ht9h8ye0tai9vlksvf8,Estudiantes RC Res.,Independiente Riva. Res.,2026-03-26,data\south_america\argentina\torneo_proyeccion\2f3fydvyjz2svhlc1eo3qflwd\2026\3trr1fkbng6fnagct7101bpck\matchstats\cy4tz3ht9h8ye0tai9vlksvf8_20260326_00_00_00_estudiantes_rc_res_independiente_riva_res.json,True
South America,Argentina,Torneo Proyección,2f3fydvyjz2svhlc1eo3qflwd,2026,cxo1g9wj7kt0uu11lfws6ip78,Defensa y Justicia Res.,Deportivo Riestra Res.,2026-03-26,data\south_america\argentina\torneo_proyeccion\2f3fydvyjz2svhlc1eo3qflwd\2026\3trr1fkbng6fnagct7101bpck\matchstats\cxo1g9wj7kt0uu11lfws6ip78_20260326_00_00_00_defensa_y_justicia_res_deportivo_riestra_res.json,True
South America,Argentina,Torneo Proyección,2f3fydvyjz2svhlc1eo3qflwd,2026,cuofhrck936m0gocr5da3soic,Godoy Cruz Res.,San Lorenzo Res.,2026-03-26,data\south_america\argentina\torneo_proyeccion\2f3fydvyjz2svhlc1eo3qflwd\2026\3trr1fkbng6fnagct7101bpck\matchstats\cuofhrck936m0gocr5da3soic_20260326_00_00_00_godoy_cruz_res_san_lorenzo_res.json,True
South America,Argentina,Torneo Proyección,2f3fydvyjz2svhlc1eo3qflwd,2026,cv3yfznq7b50ub1rfsqy8d444,Gimnasia Mendoza Res.,Tigre Res.,2026-03-26,data\south_america\argentina\torneo_proyeccion\2f3fydvyjz2svhlc1eo3qflwd\2026\3trr1fkbng6fnagct7101bpck\matchstats\cv3yfznq7b50ub1rfsqy8d444_20260326_00_00_00_gimnasia_mendoza_res_tigre_res.json,True
South America,Argentina,Torneo Proyección,2f3fydvyjz2svhlc1eo3qflwd,2026,cx8cqdce81je4fvzjbxlw1xxw,Newell's Old Boys Res.,Belgrano Res.,2026-03-25,data\south_america\argentina\torneo_proyeccion\2f3fydvyjz2svhlc1eo3qflwd\2026\3trr1fkbng6fnagct7101bpck\matchstats\cx8cqdce81je4fvzjbxlw1xxw_20260325_00_00_00_newells_old_boys_res_belgrano_res.json,True
South America,Argentina,Torneo Proyección,2f3fydvyjz2svhlc1eo3qflwd,2026,cwm6jhwcoqev2putreixt83ro,Lanús Res.,Colón Res.,2026-03-25,data\south_america\argentina\torneo_proyeccion\2f3fydvyjz2svhlc1eo3qflwd\2026\3trr1fkbng6fnagct7101bpck\matchstats\cwm6jhwcoqev2putreixt83ro_20260325_00_00_00_lanus_res_colon_res.json,True
South America,Argentina,Torneo Proyección,2f3fydvyjz2svhlc1eo3qflwd,2026,cvjq04u8rgjql8h5i2hyc2n84,Barracas Central Res.,Rosario Central Res.,2026-03-25,data\south_america\argentina\torneo_proyeccion\2f3fydvyjz2svhlc1eo3qflwd\2026\3trr1fkbng6fnagct7101bpck\matchstats\cvjq04u8rgjql8h5i2hyc2n84_20260325_00_00_00_barracas_central_res_rosario_central_res.json,True
South America,Argentina,Torneo Proyección,2f3fydvyjz2svhlc1eo3qflwd,2026,ctdt2zxztipyzut3cs1jlwrv8,Gimnasia La Plata Res.,Racing Club Res.,2026-03-25,data\south_america\argentina\torneo_proyeccion\2f3fydvyjz2svhlc1eo3qflwd\2026\3trr1fkbng6fnagct7101bpck\matchstats\ctdt2zxztipyzut3cs1jlwrv8_20260325_00_00_00_gimnasia_la_plata_res_racing_club_res.json,True
South America,Argentina,Torneo Proyección,2f3fydvyjz2svhlc1eo3qflwd,2026,csyc6s6vapb9cz24tcrfaqyac,Aldosivi Res.,Sarmiento Res.,2026-03-25,data\south_america\argentina\torneo_proyeccion\2f3fydvyjz2svhlc1eo3qflwd\2026\3trr1fkbng6fnagct7101bpck\matchstats\csyc6s6vapb9cz24tcrfaqyac_20260325_00_00_00_aldosivi_res_sarmiento_res.json,True
South America,Argentina,Torneo Proyección,2f3fydvyjz2svhlc1eo3qflwd,2026,csit6efe5kgjpukrajrxsdgr8,Argentinos Juniors Res.,Instituto Res.,2026-03-25,data\south_america\argentina\torneo_proyeccion\2f3fydvyjz2svhlc1eo3qflwd\2026\3trr1fkbng6fnagct7101bpck\matchstats\csit6efe5kgjpukrajrxsdgr8_20260325_00_00_00_argentinos_juniors_res_instituto_res.json,True
South America,Argentina,Torneo Proyección,2f3fydvyjz2svhlc1eo3qflwd,2026,cm300yfxamzxio1sy3vlog7is,River Plate Res.,Atlético Tucumán Res.,2026-03-19,data\south_america\argentina\torneo_proyeccion\2f3fydvyjz2svhlc1eo3qflwd\2026\3trr1fkbng6fnagct7101bpck\matchstats\cm300yfxamzxio1sy3vlog7is_20260319_00_00_00_river_plate_res_atletico_tucuman_res.json,True
South America,Argentina,Torneo Proyección,2f3fydvyjz2svhlc1eo3qflwd,2026,cql63owo1hdgd2o9rvxhzpd78,Independiente Riva. Res.,Huracán Res.,2026-03-19,data\south_america\argentina\torneo_proyeccion\2f3fydvyjz2svhlc1eo3qflwd\2026\3trr1fkbng6fnagct7101bpck\matchstats\cql63owo1hdgd2o9rvxhzpd78_20260319_00_00_00_independiente_riva_res_huracan_res.json,True
South America,Argentina,Torneo Proyección,2f3fydvyjz2svhlc1eo3qflwd,2026,cq4y8ei4hi4joe2epc0lykzdg,San Martín San Juan Res.,Ferro Carril Oeste Res.,2026-03-19,data\south_america\argentina\torneo_proyeccion\2f3fydvyjz2svhlc1eo3qflwd\2026\3trr1fkbng6fnagct7101bpck\matchstats\cq4y8ei4hi4joe2epc0lykzdg_20260319_00_00_00_san_martin_san_juan_res_ferro_carril_oeste_res.json,True
South America,Argentina,Torneo Proyección,2f3fydvyjz2svhlc1eo3qflwd,2026,co9e0dd6grauo65m4y7extno4,Colón Res.,Platense Res.,2026-03-19,data\south_america\argentina\torneo_proyeccion\2f3fydvyjz2svhlc1eo3qflwd\2026\3trr1fkbng6fnagct7101bpck\matchstats\co9e0dd6grauo65m4y7extno4_20260319_00_00_00_colon_res_platense_res.json,True
South America,Argentina,Torneo Proyección,2f3fydvyjz2svhlc1eo3qflwd,2026,cp5mbyy8don141vj26qq86yvo,Estudiantes Res.,Independiente Res.,2026-03-19,data\south_america\argentina\torneo_proyeccion\2f3fydvyjz2svhlc1eo3qflwd\2026\3trr1fkbng6fnagct7101bpck\matchstats\cp5mbyy8don141vj26qq86yvo_20260319_00_00_00_estudiantes_res_independiente_res.json,True
South America,Argentina,Torneo Proyección,2f3fydvyjz2svhlc1eo3qflwd,2026,clll6uor30aeb2uc6yabcxses,Vélez Sársfield Res.,Godoy Cruz Res.,2026-03-19,data\south_america\argentina\torneo_proyeccion\2f3fydvyjz2svhlc1eo3qflwd\2026\3trr1fkbng6fnagct7101bpck\matchstats\clll6uor30aeb2uc6yabcxses_20260319_00_00_00_velez_sarsfield_res_godoy_cruz_res.json,True
South America,Argentina,Torneo Proyección,2f3fydvyjz2svhlc1eo3qflwd,2026,cplgmb0srybphvlmf7uldvms4,Central Córdoba SdE Res.,Boca Juniors Res.,2026-03-18,data\south_america\argentina\torneo_proyeccion\2f3fydvyjz2svhlc1eo3qflwd\2026\3trr1fkbng6fnagct7101bpck\matchstats\cplgmb0srybphvlmf7uldvms4_20260318_00_00_00_central_cordoba_sde_res_boca_juniors_res.json,True
South America,Argentina,Torneo Proyección,2f3fydvyjz2svhlc1eo3qflwd,2026,cr3x390iosq8s0woc705jupzo,Deportivo Riestra Res.,Estudiantes RC Res.,2026-03-18,data\south_america\argentina\torneo_proyeccion\2f3fydvyjz2svhlc1eo3qflwd\2026\3trr1fkbng6fnagct7101bpck\matchstats\cr3x390iosq8s0woc705jupzo_20260318_00_00_00_deportivo_riestra_res_estudiantes_rc_res.json,True
South America,Argentina,Torneo Proyección,2f3fydvyjz2svhlc1eo3qflwd,2026,cl5za3pba6t4wn4gh66jrqbys,San Lorenzo Res.,Gimnasia Mendoza Res.,2026-03-18,data\south_america\argentina\torneo_proyeccion\2f3fydvyjz2svhlc1eo3qflwd\2026\3trr1fkbng6fnagct7101bpck\matchstats\cl5za3pba6t4wn4gh66jrqbys_20260318_00_00_00_san_lorenzo_res_gimnasia_mendoza_res.json,True
South America,Argentina,Torneo Proyección,2f3fydvyjz2svhlc1eo3qflwd,2026,cs3gdzw4zzu0bq331oaas06qc,Lanús Res.,Newell's Old Boys Res.,2026-03-18,data\south_america\argentina\torneo_proyeccion\2f3fydvyjz2svhlc1eo3qflwd\2026\3trr1fkbng6fnagct7101bpck\matchstats\cs3gdzw4zzu0bq331oaas06qc_20260318_00_00_00_lanus_res_newells_old_boys_res.json,True
South America,Argentina,Torneo Proyección,2f3fydvyjz2svhlc1eo3qflwd,2026,cmilrrmpcc8yhqfu92tlezehg,Racing Club Res.,Unión Res.,2026-03-18,data\south_america\argentina\torneo_proyeccion\2f3fydvyjz2svhlc1eo3qflwd\2026\3trr1fkbng6fnagct7101bpck\matchstats\cmilrrmpcc8yhqfu92tlezehg_20260318_00_00_00_racing_club_res_union_res.json,True
South America,Argentina,Torneo Proyección,2f3fydvyjz2svhlc1eo3qflwd,2026,cko5lj5hdtxdc8grcgezvs2dw,Tigre Res.,Barracas Central Res.,2026-03-18,data\south_america\argentina\torneo_proyeccion\2f3fydvyjz2svhlc1eo3qflwd\2026\3trr1fkbng6fnagct7101bpck\matchstats\cko5lj5hdtxdc8grcgezvs2dw_20260318_00_00_00_tigre_res_barracas_central_res.json,True
South America,Argentina,Torneo Proyección,2f3fydvyjz2svhlc1eo3qflwd,2026,crlxkv3wgszbenlmsxdsjqfx0,Belgrano Res.,Defensa y Justicia Res.,2026-03-17,data\south_america\argentina\torneo_proyeccion\2f3fydvyjz2svhlc1eo3qflwd\2026\3trr1fkbng6fnagct7101bpck\matchstats\crlxkv3wgszbenlmsxdsjqfx0_20260317_00_00_00_belgrano_res_defensa_y_justicia_res.json,True
South America,Argentina,Torneo Proyección,2f3fydvyjz2svhlc1eo3qflwd,2026,cjyjzx0l05fyd7pb9h6xbwfmc,Rosario Central Res.,Talleres de Córdoba Res.,2026-03-17,data\south_america\argentina\torneo_proyeccion\2f3fydvyjz2svhlc1eo3qflwd\2026\3trr1fkbng6fnagct7101bpck\matchstats\cjyjzx0l05fyd7pb9h6xbwfmc_20260317_00_00_00_rosario_central_res_talleres_de_cordoba_res.json,True
South America,Argentina,Torneo Proyección,2f3fydvyjz2svhlc1eo3qflwd,2026,cjhmlkhoqghf9jgi4zconohlg,Instituto Res.,Banfield Res.,2026-03-17,data\south_america\argentina\torneo_proyeccion\2f3fydvyjz2svhlc1eo3qflwd\2026\3trr1fkbng6fnagct7101bpck\matchstats\cjhmlkhoqghf9jgi4zconohlg_20260317_00_00_00_instituto_res_banfield_res.json,True
South America,Argentina,Torneo Proyección,2f3fydvyjz2svhlc1eo3qflwd,2026,coq3g4mmotp9sj81p3kinm5uc,Quilmes Res.,Atlético Rafaela Res.,2026-03-17,data\south_america\argentina\torneo_proyeccion\2f3fydvyjz2svhlc1eo3qflwd\2026\3trr1fkbng6fnagct7101bpck\matchstats\coq3g4mmotp9sj81p3kinm5uc_20260317_00_00_00_quilmes_res_atletico_rafaela_res.json,True
South America,Argentina,Torneo Proyección,2f3fydvyjz2svhlc1eo3qflwd,2026,cnor7278452p3mhvj47969jpw,Argentinos Juniors Res.,Aldosivi Res.,2026-03-17,data\south_america\argentina\torneo_proyeccion\2f3fydvyjz2svhlc1eo3qflwd\2026\3trr1fkbng6fnagct7101bpck\matchstats\cnor7278452p3mhvj47969jpw_20260317_00_00_00_argentinos_juniors_res_aldosivi_res.json,True
South America,Argentina,Torneo Proyección,2f3fydvyjz2svhlc1eo3qflwd,2026,cmy3727xb8scm38yjtforsf10,Sarmiento Res.,Gimnasia La Plata Res.,2026-03-17,data\south_america\argentina\torneo_proyeccion\2f3fydvyjz2svhlc1eo3qflwd\2026\3trr1fkbng6fnagct7101bpck\matchstats\cmy3727xb8scm38yjtforsf10_20260317_00_00_00_sarmiento_res_gimnasia_la_plata_res.json,True
South America,Argentina,Torneo Proyección,2f3fydvyjz2svhlc1eo3qflwd,2026,cbciy8pwv225p001vhuoigsgk,Atlético Tucumán Res.,Racing Club Res.,2026-03-04,data\south_america\argentina\torneo_proyeccion\2f3fydvyjz2svhlc1eo3qflwd\2026\3trr1fkbng6fnagct7101bpck\matchstats\cbciy8pwv225p001vhuoigsgk_20260304_00_00_00_atletico_tucuman_res_racing_club_res.json,True
South America,Argentina,Torneo Proyección,2f3fydvyjz2svhlc1eo3qflwd,2026,ciljii6p55ap2h1l7jfhp0nx0,Atlético Rafaela Res.,Estudiantes Res.,2026-03-04,data\south_america\argentina\torneo_proyeccion\2f3fydvyjz2svhlc1eo3qflwd\2026\3trr1fkbng6fnagct7101bpck\matchstats\ciljii6p55ap2h1l7jfhp0nx0_20260304_00_00_00_atletico_rafaela_res_estudiantes_res.json,True
South America,Argentina,Torneo Proyección,2f3fydvyjz2svhlc1eo3qflwd,2026,cgv1ijljp51rnbpetosvo03kk,Huracán Res.,Deportivo Riestra Res.,2026-03-04,data\south_america\argentina\torneo_proyeccion\2f3fydvyjz2svhlc1eo3qflwd\2026\3trr1fkbng6fnagct7101bpck\matchstats\cgv1ijljp51rnbpetosvo03kk_20260304_00_00_00_huracan_res_deportivo_riestra_res.json,True
South America,Argentina,Torneo Proyección,2f3fydvyjz2svhlc1eo3qflwd,2026,cgbs4pt84ujjckn4spb04ty50,Estudiantes RC Res.,Belgrano Res.,2026-03-04,data\south_america\argentina\torneo_proyeccion\2f3fydvyjz2svhlc1eo3qflwd\2026\3trr1fkbng6fnagct7101bpck\matchstats\cgbs4pt84ujjckn4spb04ty50_20260304_00_00_00_estudiantes_rc_res_belgrano_res.json,True
South America,Argentina,Torneo Proyección,2f3fydvyjz2svhlc1eo3qflwd,2026,ces69et8dqgupalp2tvxy740k,Banfield Res.,Rosario Central Res.,2026-03-04,data\south_america\argentina\torneo_proyeccion\2f3fydvyjz2svhlc1eo3qflwd\2026\3trr1fkbng6fnagct7101bpck\matchstats\ces69et8dqgupalp2tvxy740k_20260304_00_00_00_banfield_res_rosario_central_res.json,True
South America,Argentina,Torneo Proyección,2f3fydvyjz2svhlc1eo3qflwd,2026,ccsfc7qburnowyiz9z3dvxq8k,Barracas Central Res.,San Lorenzo Res.,2026-03-04,data\south_america\argentina\torneo_proyeccion\2f3fydvyjz2svhlc1eo3qflwd\2026\3trr1fkbng6fnagct7101bpck\matchstats\ccsfc7qburnowyiz9z3dvxq8k_20260304_00_00_00_barracas_central_res_san_lorenzo_res.json,True
South America,Argentina,Torneo Proyección,2f3fydvyjz2svhlc1eo3qflwd,2026,cbs6bctm218t96tdmqhznr578,Godoy Cruz Res.,River Plate Res.,2026-03-04,data\south_america\argentina\torneo_proyeccion\2f3fydvyjz2svhlc1eo3qflwd\2026\3trr1fkbng6fnagct7101bpck\matchstats\cbs6bctm218t96tdmqhznr578_20260304_00_00_00_godoy_cruz_res_river_plate_res.json,True
South America,Argentina,Torneo Proyección,2f3fydvyjz2svhlc1eo3qflwd,2026,chq6e5q1t10a8llqkh8t9m68k,Boca Juniors Res.,San Martín San Juan Res.,2026-03-03,data\south_america\argentina\torneo_proyeccion\2f3fydvyjz2svhlc1eo3qflwd\2026\3trr1fkbng6fnagct7101bpck\matchstats\chq6e5q1t10a8llqkh8t9m68k_20260303_00_00_00_boca_juniors_res_san_martin_san_juan_res.json,True
South America,Argentina,Torneo Proyección,2f3fydvyjz2svhlc1eo3qflwd,2026,ce6w7wfgkwsbuvzaeb2w2cu8k,Talleres de Córdoba Res.,Tigre Res.,2026-03-03,data\south_america\argentina\torneo_proyeccion\2f3fydvyjz2svhlc1eo3qflwd\2026\3trr1fkbng6fnagct7101bpck\matchstats\ce6w7wfgkwsbuvzaeb2w2cu8k_20260303_00_00_00_talleres_de_cordoba_res_tigre_res.json,True
South America,Argentina,Torneo Proyección,2f3fydvyjz2svhlc1eo3qflwd,2026,cj1byedx8f3jhikzknjpz14wk,Platense Res.,Quilmes Res.,2026-03-03,data\south_america\argentina\torneo_proyeccion\2f3fydvyjz2svhlc1eo3qflwd\2026\3trr1fkbng6fnagct7101bpck\matchstats\cj1byedx8f3jhikzknjpz14wk_20260303_00_00_00_platense_res_quilmes_res.json,True
South America,Argentina,Torneo Proyección,2f3fydvyjz2svhlc1eo3qflwd,2026,chalb7rus24nswslzm6e8tct0,Ferro Carril Oeste Res.,Independiente Riva. Res.,2026-03-03,data\south_america\argentina\torneo_proyeccion\2f3fydvyjz2svhlc1eo3qflwd\2026\3trr1fkbng6fnagct7101bpck\matchstats\chalb7rus24nswslzm6e8tct0_20260303_00_00_00_ferro_carril_oeste_res_independiente_riva_res.json,True
South America,Argentina,Torneo Proyección,2f3fydvyjz2svhlc1eo3qflwd,2026,cca8tmm0nby9leez4g32ijn6c,Gimnasia Mendoza Res.,Vélez Sársfield Res.,2026-03-03,data\south_america\argentina\torneo_proyeccion\2f3fydvyjz2svhlc1eo3qflwd\2026\3trr1fkbng6fnagct7101bpck\matchstats\cca8tmm0nby9leez4g32ijn6c_20260303_00_00_00_gimnasia_mendoza_res_velez_sarsfield_res.json,True
South America,Argentina,Torneo Proyección,2f3fydvyjz2svhlc1eo3qflwd,2026,c9yezffnbaetw0efwigcfsb2s,Aldosivi Res.,Instituto Res.,2026-03-03,data\south_america\argentina\torneo_proyeccion\2f3fydvyjz2svhlc1eo3qflwd\2026\3trr1fkbng6fnagct7101bpck\matchstats\c9yezffnbaetw0efwigcfsb2s_20260303_00_00_00_aldosivi_res_instituto_res.json,True
South America,Argentina,Torneo Proyección,2f3fydvyjz2svhlc1eo3qflwd,2026,ci5u8qmj6natjyj3zvjbhpf6c,Independiente Res.,Central Córdoba SdE Res.,2026-03-02,data\south_america\argentina\torneo_proyeccion\2f3fydvyjz2svhlc1eo3qflwd\2026\3trr1fkbng6fnagct7101bpck\matchstats\ci5u8qmj6natjyj3zvjbhpf6c_20260302_00_00_00_independiente_res_central_cordoba_sde_res.json,True
South America,Argentina,Torneo Proyección,2f3fydvyjz2svhlc1eo3qflwd,2026,cfv1ogu10pbxn79j9ljst3190,Defensa y Justicia Res.,Lanús Res.,2026-03-02,data\south_america\argentina\torneo_proyeccion\2f3fydvyjz2svhlc1eo3qflwd\2026\3trr1fkbng6fnagct7101bpck\matchstats\cfv1ogu10pbxn79j9ljst3190_20260302_00_00_00_defensa_y_justicia_res_lanus_res.json,True
South America,Argentina,Torneo Proyección,2f3fydvyjz2svhlc1eo3qflwd,2026,cfbq6bx070wox6i2d6sdde2ok,Newell's Old Boys Res.,Colón Res.,2026-03-02,data\south_america\argentina\torneo_proyeccion\2f3fydvyjz2svhlc1eo3qflwd\2026\3trr1fkbng6fnagct7101bpck\matchstats\cfbq6bx070wox6i2d6sdde2ok_20260302_00_00_00_newells_old_boys_res_colon_res.json,True
South America,Argentina,Torneo Proyección,2f3fydvyjz2svhlc1eo3qflwd,2026,cax15m1rtgpxfvmsvox4qw0t0,Unión Res.,Sarmiento Res.,2026-03-02,data\south_america\argentina\torneo_proyeccion\2f3fydvyjz2svhlc1eo3qflwd\2026\3trr1fkbng6fnagct7101bpck\matchstats\cax15m1rtgpxfvmsvox4qw0t0_20260302_00_00_00_union_res_sarmiento_res.json,True
South America,Argentina,Torneo Proyección,2f3fydvyjz2svhlc1eo3qflwd,2026,cag6n9ax0weai2l7qk3ok2al0,Gimnasia La Plata Res.,Argentinos Juniors Res.,2026-03-02,data\south_america\argentina\torneo_proyeccion\2f3fydvyjz2svhlc1eo3qflwd\2026\3trr1fkbng6fnagct7101bpck\matchstats\cag6n9ax0weai2l7qk3ok2al0_20260302_00_00_00_gimnasia_la_plata_res_argentinos_juniors_res.json,True
South America,Argentina,Torneo Proyección,2f3fydvyjz2svhlc1eo3qflwd,2026,c3r1vxes6svrtlhqthl7z3tas,River Plate Res.,Gimnasia Mendoza Res.,2026-02-18,data\south_america\argentina\torneo_proyeccion\2f3fydvyjz2svhlc1eo3qflwd\2026\3trr1fkbng6fnagct7101bpck\matchstats\c3r1vxes6svrtlhqthl7z3tas_20260218_00_00_00_river_plate_res_gimnasia_mendoza_res.json,True
South America,Argentina,Torneo Proyección,2f3fydvyjz2svhlc1eo3qflwd,2026,c91mszl0nl40anuhswobuejv8,Lanús Res.,Estudiantes RC Res.,2026-02-18,data\south_america\argentina\torneo_proyeccion\2f3fydvyjz2svhlc1eo3qflwd\2026\3trr1fkbng6fnagct7101bpck\matchstats\c91mszl0nl40anuhswobuejv8_20260218_00_00_00_lanus_res_estudiantes_rc_res.json,True
South America,Argentina,Torneo Proyección,2f3fydvyjz2svhlc1eo3qflwd,2026,c8lxg2iehqb1j1x6cy6p22a6s,Belgrano Res.,Huracán Res.,2026-02-18,data\south_america\argentina\torneo_proyeccion\2f3fydvyjz2svhlc1eo3qflwd\2026\3trr1fkbng6fnagct7101bpck\matchstats\c8lxg2iehqb1j1x6cy6p22a6s_20260218_00_00_00_belgrano_res_huracan_res.json,True
South America,Argentina,Torneo Proyección,2f3fydvyjz2svhlc1eo3qflwd,2026,c79oiu518pd2ppy212mnpg2l0,San Martín San Juan Res.,Independiente Res.,2026-02-18,data\south_america\argentina\torneo_proyeccion\2f3fydvyjz2svhlc1eo3qflwd\2026\3trr1fkbng6fnagct7101bpck\matchstats\c79oiu518pd2ppy212mnpg2l0_20260218_00_00_00_san_martin_san_juan_res_independiente_res.json,True
South America,Argentina,Torneo Proyección,2f3fydvyjz2svhlc1eo3qflwd,2026,c6e5h0ysa6lxhkwxnmb88u3o4,Estudiantes Res.,Platense Res.,2026-02-18,data\south_america\argentina\torneo_proyeccion\2f3fydvyjz2svhlc1eo3qflwd\2026\3trr1fkbng6fnagct7101bpck\matchstats\c6e5h0ysa6lxhkwxnmb88u3o4_20260218_00_00_00_estudiantes_res_platense_res.json,True
South America,Argentina,Torneo Proyección,2f3fydvyjz2svhlc1eo3qflwd,2026,c5yp2yjsijnm3venfe5j4r2ms,Colón Res.,Quilmes Res.,2026-02-18,data\south_america\argentina\torneo_proyeccion\2f3fydvyjz2svhlc1eo3qflwd\2026\3trr1fkbng6fnagct7101bpck\matchstats\c5yp2yjsijnm3venfe5j4r2ms_20260218_00_00_00_colon_res_quilmes_res.json,True
South America,Argentina,Torneo Proyección,2f3fydvyjz2svhlc1eo3qflwd,2026,c4lwh3b5z444um8jmjfww92qc,Sarmiento Res.,Atlético Tucumán Res.,2026-02-18,data\south_america\argentina\torneo_proyeccion\2f3fydvyjz2svhlc1eo3qflwd\2026\3trr1fkbng6fnagct7101bpck\matchstats\c4lwh3b5z444um8jmjfww92qc_20260218_00_00_00_sarmiento_res_atletico_tucuman_res.json,True
South America,Argentina,Torneo Proyección,2f3fydvyjz2svhlc1eo3qflwd,2026,c6tq03288cch2n6ufl7a8kkr8,Central Córdoba SdE Res.,Atlético Rafaela Res.,2026-02-18,data\south_america\argentina\torneo_proyeccion\2f3fydvyjz2svhlc1eo3qflwd\2026\3trr1fkbng6fnagct7101bpck\matchstats\c6tq03288cch2n6ufl7a8kkr8_20260218_00_00_00_central_cordoba_sde_res_atletico_rafaela_res.json,True
South America,Argentina,Torneo Proyección,2f3fydvyjz2svhlc1eo3qflwd,2026,c7pjnwj4krpyryuxtax301t78,Independiente Riva. Res.,Boca Juniors Res.,2026-02-17,data\south_america\argentina\torneo_proyeccion\2f3fydvyjz2svhlc1eo3qflwd\2026\3trr1fkbng6fnagct7101bpck\matchstats\c7pjnwj4krpyryuxtax301t78_20260217_00_00_00_independiente_riva_res_boca_juniors_res.json,True
South America,Argentina,Torneo Proyección,2f3fydvyjz2svhlc1eo3qflwd,2026,c9iw2x7qmrxomd8odvzxl3huc,Newell's Old Boys Res.,Defensa y Justicia Res.,2026-02-17,data\south_america\argentina\torneo_proyeccion\2f3fydvyjz2svhlc1eo3qflwd\2026\3trr1fkbng6fnagct7101bpck\matchstats\c9iw2x7qmrxomd8odvzxl3huc_20260217_00_00_00_newells_old_boys_res_defensa_y_justicia_res.json,True
South America,Argentina,Torneo Proyección,2f3fydvyjz2svhlc1eo3qflwd,2026,c85getu1k0sbmdofw618rbdw4,Deportivo Riestra Res.,Ferro Carril Oeste Res.,2026-02-17,data\south_america\argentina\torneo_proyeccion\2f3fydvyjz2svhlc1eo3qflwd\2026\3trr1fkbng6fnagct7101bpck\matchstats\c85getu1k0sbmdofw618rbdw4_20260217_00_00_00_deportivo_riestra_res_ferro_carril_oeste_res.json,True
South America,Argentina,Torneo Proyección,2f3fydvyjz2svhlc1eo3qflwd,2026,c46dltwbwg9u8gj25an4p0rv8,Racing Club Res.,Godoy Cruz Res.,2026-02-17,data\south_america\argentina\torneo_proyeccion\2f3fydvyjz2svhlc1eo3qflwd\2026\3trr1fkbng6fnagct7101bpck\matchstats\c46dltwbwg9u8gj25an4p0rv8_20260217_00_00_00_racing_club_res_godoy_cruz_res.json,True
South America,Argentina,Torneo Proyección,2f3fydvyjz2svhlc1eo3qflwd,2026,c3bomo9lmjv2hf2prb7uxlxjo,Vélez Sársfield Res.,Barracas Central Res.,2026-02-17,data\south_america\argentina\torneo_proyeccion\2f3fydvyjz2svhlc1eo3qflwd\2026\3trr1fkbng6fnagct7101bpck\matchstats\c3bomo9lmjv2hf2prb7uxlxjo_20260217_00_00_00_velez_sarsfield_res_barracas_central_res.json,True
South America,Argentina,Torneo Proyección,2f3fydvyjz2svhlc1eo3qflwd,2026,c2w5sep81dbusg4nidcdnjmz8,San Lorenzo Res.,Talleres de Córdoba Res.,2026-02-17,data\south_america\argentina\torneo_proyeccion\2f3fydvyjz2svhlc1eo3qflwd\2026\3trr1fkbng6fnagct7101bpck\matchstats\c2w5sep81dbusg4nidcdnjmz8_20260217_00_00_00_san_lorenzo_res_talleres_de_cordoba_res.json,True
South America,Argentina,Torneo Proyección,2f3fydvyjz2svhlc1eo3qflwd,2026,c5j4vqjwdw5kr60ac74mvzdhw,Aldosivi Res.,Gimnasia La Plata Res.,2026-02-16,data\south_america\argentina\torneo_proyeccion\2f3fydvyjz2svhlc1eo3qflwd\2026\3trr1fkbng6fnagct7101bpck\matchstats\c5j4vqjwdw5kr60ac74mvzdhw_20260216_00_00_00_aldosivi_res_gimnasia_la_plata_res.json,True
South America,Argentina,Torneo Proyección,2f3fydvyjz2svhlc1eo3qflwd,2026,c51plut43k768unq3wfd37w9g,Argentinos Juniors Res.,Unión Res.,2026-02-16,data\south_america\argentina\torneo_proyeccion\2f3fydvyjz2svhlc1eo3qflwd\2026\3trr1fkbng6fnagct7101bpck\matchstats\c51plut43k768unq3wfd37w9g_20260216_00_00_00_argentinos_juniors_res_union_res.json,True
South America,Argentina,Torneo Proyección,2f3fydvyjz2svhlc1eo3qflwd,2026,c2fv3hfsmtg5v3c8yuagaquc4,Tigre Res.,Banfield Res.,2026-02-16,data\south_america\argentina\torneo_proyeccion\2f3fydvyjz2svhlc1eo3qflwd\2026\3trr1fkbng6fnagct7101bpck\matchstats\c2fv3hfsmtg5v3c8yuagaquc4_20260216_00_00_00_tigre_res_banfield_res.json,True
South America,Argentina,Torneo Proyección,2f3fydvyjz2svhlc1eo3qflwd,2026,c1whki7mo1vke2x80kb0cg7is,Instituto Res.,Rosario Central Res.,2026-02-16,data\south_america\argentina\torneo_proyeccion\2f3fydvyjz2svhlc1eo3qflwd\2026\3trr1fkbng6fnagct7101bpck\matchstats\c1whki7mo1vke2x80kb0cg7is_20260216_00_00_00_instituto_res_rosario_central_res.json,True
South America,Argentina,Torneo Proyección,2f3fydvyjz2svhlc1eo3qflwd,2026,c0uwqa82wgzf08aj7uw2mxxjo,Platense Res.,Central Córdoba SdE Res.,2026-02-12,data\south_america\argentina\torneo_proyeccion\2f3fydvyjz2svhlc1eo3qflwd\2026\3trr1fkbng6fnagct7101bpck\matchstats\c0uwqa82wgzf08aj7uw2mxxjo_20260212_00_00_00_platense_res_central_cordoba_sde_res.json,True
South America,Argentina,Torneo Proyección,2f3fydvyjz2svhlc1eo3qflwd,2026,bzvzz0dwndiu685scv3sbff9w,Independiente Res.,Independiente Riva. Res.,2026-02-12,data\south_america\argentina\torneo_proyeccion\2f3fydvyjz2svhlc1eo3qflwd\2026\3trr1fkbng6fnagct7101bpck\matchstats\bzvzz0dwndiu685scv3sbff9w_20260212_00_00_00_independiente_res_independiente_riva_res.json,True
South America,Argentina,Torneo Proyección,2f3fydvyjz2svhlc1eo3qflwd,2026,by4wcfgqn66oxydgkpfzi87is,Estudiantes RC Res.,Newell's Old Boys Res.,2026-02-12,data\south_america\argentina\torneo_proyeccion\2f3fydvyjz2svhlc1eo3qflwd\2026\3trr1fkbng6fnagct7101bpck\matchstats\by4wcfgqn66oxydgkpfzi87is_20260212_00_00_00_estudiantes_rc_res_newells_old_boys_res.json,True
South America,Argentina,Torneo Proyección,2f3fydvyjz2svhlc1eo3qflwd,2026,bxp5oq1ypn4bvrq5m5lrz5hck,Defensa y Justicia Res.,Colón Res.,2026-02-12,data\south_america\argentina\torneo_proyeccion\2f3fydvyjz2svhlc1eo3qflwd\2026\3trr1fkbng6fnagct7101bpck\matchstats\bxp5oq1ypn4bvrq5m5lrz5hck_20260212_00_00_00_defensa_y_justicia_res_colon_res.json,True
South America,Argentina,Torneo Proyección,2f3fydvyjz2svhlc1eo3qflwd,2026,bwdzsg9230w6bu1jknagayx3o,Talleres de Córdoba Res.,Vélez Sársfield Res.,2026-02-12,data\south_america\argentina\torneo_proyeccion\2f3fydvyjz2svhlc1eo3qflwd\2026\3trr1fkbng6fnagct7101bpck\matchstats\bwdzsg9230w6bu1jknagayx3o_20260212_00_00_00_talleres_de_cordoba_res_velez_sarsfield_res.json,True
South America,Argentina,Torneo Proyección,2f3fydvyjz2svhlc1eo3qflwd,2026,bv0ctv62iv2r2byck99i4mcr8,Godoy Cruz Res.,Sarmiento Res.,2026-02-12,data\south_america\argentina\torneo_proyeccion\2f3fydvyjz2svhlc1eo3qflwd\2026\3trr1fkbng6fnagct7101bpck\matchstats\bv0ctv62iv2r2byck99i4mcr8_20260212_00_00_00_godoy_cruz_res_sarmiento_res.json,True
South America,Argentina,Torneo Proyección,2f3fydvyjz2svhlc1eo3qflwd,2026,bukwcpssvejun1im1rafs5vdg,Atlético Tucumán Res.,Argentinos Juniors Res.,2026-02-12,data\south_america\argentina\torneo_proyeccion\2f3fydvyjz2svhlc1eo3qflwd\2026\3trr1fkbng6fnagct7101bpck\matchstats\bukwcpssvejun1im1rafs5vdg_20260212_00_00_00_atletico_tucuman_res_argentinos_juniors_res.json,True
South America,Argentina,Torneo Proyección,2f3fydvyjz2svhlc1eo3qflwd,2026,c1cokrx4mgrl61px8lmsojtw4,Quilmes Res.,Estudiantes Res.,2026-02-11,data\south_america\argentina\torneo_proyeccion\2f3fydvyjz2svhlc1eo3qflwd\2026\3trr1fkbng6fnagct7101bpck\matchstats\c1cokrx4mgrl61px8lmsojtw4_20260211_00_00_00_quilmes_res_estudiantes_res.json,True
South America,Argentina,Torneo Proyección,2f3fydvyjz2svhlc1eo3qflwd,2026,c0f1cz8zgcf9rofm4s7j4hrmc,Atlético Rafaela Res.,San Martín San Juan Res.,2026-02-11,data\south_america\argentina\torneo_proyeccion\2f3fydvyjz2svhlc1eo3qflwd\2026\3trr1fkbng6fnagct7101bpck\matchstats\c0f1cz8zgcf9rofm4s7j4hrmc_20260211_00_00_00_atletico_rafaela_res_san_martin_san_juan_res.json,True
South America,Argentina,Torneo Proyección,2f3fydvyjz2svhlc1eo3qflwd,2026,byki8gmqpop6qmq0ofohatzbo,Huracán Res.,Lanús Res.,2026-02-11,data\south_america\argentina\torneo_proyeccion\2f3fydvyjz2svhlc1eo3qflwd\2026\3trr1fkbng6fnagct7101bpck\matchstats\byki8gmqpop6qmq0ofohatzbo_20260211_00_00_00_huracan_res_lanus_res.json,True
South America,Argentina,Torneo Proyección,2f3fydvyjz2svhlc1eo3qflwd,2026,bvyl9ygj7z02qhwpaujjez9qs,Barracas Central Res.,River Plate Res.,2026-02-11,data\south_america\argentina\torneo_proyeccion\2f3fydvyjz2svhlc1eo3qflwd\2026\3trr1fkbng6fnagct7101bpck\matchstats\bvyl9ygj7z02qhwpaujjez9qs_20260211_00_00_00_barracas_central_res_river_plate_res.json,True
South America,Argentina,Torneo Proyección,2f3fydvyjz2svhlc1eo3qflwd,2026,bzg7tp1spu48asyrbh2ektafo,Boca Juniors Res.,Deportivo Riestra Res.,2026-02-11,data\south_america\argentina\torneo_proyeccion\2f3fydvyjz2svhlc1eo3qflwd\2026\3trr1fkbng6fnagct7101bpck\matchstats\bzg7tp1spu48asyrbh2ektafo_20260211_00_00_00_boca_juniors_res_deportivo_riestra_res.json,True
South America,Argentina,Torneo Proyección,2f3fydvyjz2svhlc1eo3qflwd,2026,bvj2vvls1tbn1gdppo9kvxkpg,Gimnasia Mendoza Res.,Racing Club Res.,2026-02-10,data\south_america\argentina\torneo_proyeccion\2f3fydvyjz2svhlc1eo3qflwd\2026\3trr1fkbng6fnagct7101bpck\matchstats\bvj2vvls1tbn1gdppo9kvxkpg_20260210_00_00_00_gimnasia_mendoza_res_racing_club_res.json,True
South America,Argentina,Torneo Proyección,2f3fydvyjz2svhlc1eo3qflwd,2026,bz02kwe6c6uzebjgejxjbmal0,Ferro Carril Oeste Res.,Belgrano Res.,2026-02-10,data\south_america\argentina\torneo_proyeccion\2f3fydvyjz2svhlc1eo3qflwd\2026\3trr1fkbng6fnagct7101bpck\matchstats\bz02kwe6c6uzebjgejxjbmal0_20260210_00_00_00_ferro_carril_oeste_res_belgrano_res.json,True
South America,Argentina,Torneo Proyección,2f3fydvyjz2svhlc1eo3qflwd,2026,bx8yvhp13hvqde1zb191ae39w,Rosario Central Res.,Tigre Res.,2026-02-10,data\south_america\argentina\torneo_proyeccion\2f3fydvyjz2svhlc1eo3qflwd\2026\3trr1fkbng6fnagct7101bpck\matchstats\bx8yvhp13hvqde1zb191ae39w_20260210_00_00_00_rosario_central_res_tigre_res.json,True
South America,Argentina,Torneo Proyección,2f3fydvyjz2svhlc1eo3qflwd,2026,bwtjf1q1apvj5ndklk0cluqdw,Banfield Res.,San Lorenzo Res.,2026-02-10,data\south_america\argentina\torneo_proyeccion\2f3fydvyjz2svhlc1eo3qflwd\2026\3trr1fkbng6fnagct7101bpck\matchstats\bwtjf1q1apvj5ndklk0cluqdw_20260210_00_00_00_banfield_res_san_lorenzo_res.json,True
South America,Argentina,Torneo Proyección,2f3fydvyjz2svhlc1eo3qflwd,2026,bu5m833mns62scwgywmhvi9zo,Unión Res.,Aldosivi Res.,2026-02-10,data\south_america\argentina\torneo_proyeccion\2f3fydvyjz2svhlc1eo3qflwd\2026\3trr1fkbng6fnagct7101bpck\matchstats\bu5m833mns62scwgywmhvi9zo_20260210_00_00_00_union_res_aldosivi_res.json,True
South America,Argentina,Torneo Proyección,2f3fydvyjz2svhlc1eo3qflwd,2026,btpw6pnzc1aj9dwsr5tiq15w4,Gimnasia La Plata Res.,Instituto Res.,2026-02-10,data\south_america\argentina\torneo_proyeccion\2f3fydvyjz2svhlc1eo3qflwd\2026\3trr1fkbng6fnagct7101bpck\matchstats\btpw6pnzc1aj9dwsr5tiq15w4_20260210_00_00_00_gimnasia_la_plata_res_instituto_res.json,True
South America,Argentina,Torneo Proyección,2f3fydvyjz2svhlc1eo3qflwd,2026,bpln013hma3mrap19bongm39w,Central Córdoba SdE Res.,Quilmes Res.,2026-02-06,data\south_america\argentina\torneo_proyeccion\2f3fydvyjz2svhlc1eo3qflwd\2026\3trr1fkbng6fnagct7101bpck\matchstats\bpln013hma3mrap19bongm39w_20260206_00_00_00_central_cordoba_sde_res_quilmes_res.json,True
South America,Argentina,Torneo Proyección,2f3fydvyjz2svhlc1eo3qflwd,2026,bm1sjlc4jtam7q2offza54m50,River Plate Res.,Talleres de Córdoba Res.,2026-02-05,data\south_america\argentina\torneo_proyeccion\2f3fydvyjz2svhlc1eo3qflwd\2026\3trr1fkbng6fnagct7101bpck\matchstats\bm1sjlc4jtam7q2offza54m50_20260205_00_00_00_river_plate_res_talleres_de_cordoba_res.json,True
South America,Argentina,Torneo Proyección,2f3fydvyjz2svhlc1eo3qflwd,2026,btahk52q3oirpa32ysbxoi1w4,Defensa y Justicia Res.,Estudiantes RC Res.,2026-02-05,data\south_america\argentina\torneo_proyeccion\2f3fydvyjz2svhlc1eo3qflwd\2026\3trr1fkbng6fnagct7101bpck\matchstats\btahk52q3oirpa32ysbxoi1w4_20260205_00_00_00_defensa_y_justicia_res_estudiantes_rc_res.json,True
South America,Argentina,Torneo Proyección,2f3fydvyjz2svhlc1eo3qflwd,2026,bqpj8ws2ds4eqo91joayvdv6c,Independiente Riva. Res.,Atlético Rafaela Res.,2026-02-05,data\south_america\argentina\torneo_proyeccion\2f3fydvyjz2svhlc1eo3qflwd\2026\3trr1fkbng6fnagct7101bpck\matchstats\bqpj8ws2ds4eqo91joayvdv6c_20260205_00_00_00_independiente_riva_res_atletico_rafaela_res.json,True
South America,Argentina,Torneo Proyección,2f3fydvyjz2svhlc1eo3qflwd,2026,bq45zw9696qgyh9k3y6q46n10,San Martín San Juan Res.,Platense Res.,2026-02-05,data\south_america\argentina\torneo_proyeccion\2f3fydvyjz2svhlc1eo3qflwd\2026\3trr1fkbng6fnagct7101bpck\matchstats\bq45zw9696qgyh9k3y6q46n10_20260205_00_00_00_san_martin_san_juan_res_platense_res.json,True
South America,Argentina,Torneo Proyección,2f3fydvyjz2svhlc1eo3qflwd,2026,bnk1x9xqjwpug7yhkmepp3qj8,Argentinos Juniors Res.,Godoy Cruz Res.,2026-02-05,data\south_america\argentina\torneo_proyeccion\2f3fydvyjz2svhlc1eo3qflwd\2026\3trr1fkbng6fnagct7101bpck\matchstats\bnk1x9xqjwpug7yhkmepp3qj8_20260205_00_00_00_argentinos_juniors_res_godoy_cruz_res.json,True
South America,Argentina,Torneo Proyección,2f3fydvyjz2svhlc1eo3qflwd,2026,bsa8dngrxt8iip4zc5yi4hclw,Lanús Res.,Ferro Carril Oeste Res.,2026-02-04,data\south_america\argentina\torneo_proyeccion\2f3fydvyjz2svhlc1eo3qflwd\2026\3trr1fkbng6fnagct7101bpck\matchstats\bsa8dngrxt8iip4zc5yi4hclw_20260204_00_00_00_lanus_res_ferro_carril_oeste_res.json,True
South America,Argentina,Torneo Proyección,2f3fydvyjz2svhlc1eo3qflwd,2026,brqsooaqlpvw5z1tbg6ao42l0,Belgrano Res.,Boca Juniors Res.,2026-02-04,data\south_america\argentina\torneo_proyeccion\2f3fydvyjz2svhlc1eo3qflwd\2026\3trr1fkbng6fnagct7101bpck\matchstats\brqsooaqlpvw5z1tbg6ao42l0_20260204_00_00_00_belgrano_res_boca_juniors_res.json,True
South America,Argentina,Torneo Proyección,2f3fydvyjz2svhlc1eo3qflwd,2026,bn1ty3l9xse3b47z7wdw5k3ys,Sarmiento Res.,Gimnasia Mendoza Res.,2026-02-04,data\south_america\argentina\torneo_proyeccion\2f3fydvyjz2svhlc1eo3qflwd\2026\3trr1fkbng6fnagct7101bpck\matchstats\bn1ty3l9xse3b47z7wdw5k3ys_20260204_00_00_00_sarmiento_res_gimnasia_mendoza_res.json,True
South America,Argentina,Torneo Proyección,2f3fydvyjz2svhlc1eo3qflwd,2026,bmjmhbyx951x6qhwb4ci3hpg4,Racing Club Res.,Barracas Central Res.,2026-02-04,data\south_america\argentina\torneo_proyeccion\2f3fydvyjz2svhlc1eo3qflwd\2026\3trr1fkbng6fnagct7101bpck\matchstats\bmjmhbyx951x6qhwb4ci3hpg4_20260204_00_00_00_racing_club_res_barracas_central_res.json,True
South America,Argentina,Torneo Proyección,2f3fydvyjz2svhlc1eo3qflwd,2026,bkxwjmcjezm6veifrb3mid8gk,Vélez Sársfield Res.,Banfield Res.,2026-02-04,data\south_america\argentina\torneo_proyeccion\2f3fydvyjz2svhlc1eo3qflwd\2026\3trr1fkbng6fnagct7101bpck\matchstats\bkxwjmcjezm6veifrb3mid8gk_20260204_00_00_00_velez_sarsfield_res_banfield_res.json,True
South America,Argentina,Torneo Proyección,2f3fydvyjz2svhlc1eo3qflwd,2026,bka69sjqb88pu7okfjp7migic,Instituto Res.,Tigre Res.,2026-02-04,data\south_america\argentina\torneo_proyeccion\2f3fydvyjz2svhlc1eo3qflwd\2026\3trr1fkbng6fnagct7101bpck\matchstats\bka69sjqb88pu7okfjp7migic_20260204_00_00_00_instituto_res_tigre_res.json,True
South America,Argentina,Torneo Proyección,2f3fydvyjz2svhlc1eo3qflwd,2026,bssg7kzaf9vyror68sfghqjh0,Newell's Old Boys Res.,Huracán Res.,2026-02-03,data\south_america\argentina\torneo_proyeccion\2f3fydvyjz2svhlc1eo3qflwd\2026\3trr1fkbng6fnagct7101bpck\matchstats\bssg7kzaf9vyror68sfghqjh0_20260203_00_00_00_newells_old_boys_res_huracan_res.json,True
South America,Argentina,Torneo Proyección,2f3fydvyjz2svhlc1eo3qflwd,2026,br8wk3uoshxbvlbloewk41btg,Deportivo Riestra Res.,Independiente Res.,2026-02-03,data\south_america\argentina\torneo_proyeccion\2f3fydvyjz2svhlc1eo3qflwd\2026\3trr1fkbng6fnagct7101bpck\matchstats\br8wk3uoshxbvlbloewk41btg_20260203_00_00_00_deportivo_riestra_res_independiente_res.json,True
South America,Argentina,Torneo Proyección,2f3fydvyjz2svhlc1eo3qflwd,2026,bp2va86uqsk7bw8oz0nn6untg,Colón Res.,Estudiantes Res.,2026-02-03,data\south_america\argentina\torneo_proyeccion\2f3fydvyjz2svhlc1eo3qflwd\2026\3trr1fkbng6fnagct7101bpck\matchstats\bp2va86uqsk7bw8oz0nn6untg_20260203_00_00_00_colon_res_estudiantes_res.json,True
South America,Argentina,Torneo Proyección,2f3fydvyjz2svhlc1eo3qflwd,2026,boknlv12tw5bwtx29l8z2tzbo,Gimnasia La Plata Res.,Unión Res.,2026-02-03,data\south_america\argentina\torneo_proyeccion\2f3fydvyjz2svhlc1eo3qflwd\2026\3trr1fkbng6fnagct7101bpck\matchstats\boknlv12tw5bwtx29l8z2tzbo_20260203_00_00_00_gimnasia_la_plata_res_union_res.json,True
South America,Argentina,Torneo Proyección,2f3fydvyjz2svhlc1eo3qflwd,2026,bo2a9sd48pufq394meqznf47o,Aldosivi Res.,Atlético Tucumán Res.,2026-02-03,data\south_america\argentina\torneo_proyeccion\2f3fydvyjz2svhlc1eo3qflwd\2026\3trr1fkbng6fnagct7101bpck\matchstats\bo2a9sd48pufq394meqznf47o_20260203_00_00_00_aldosivi_res_atletico_tucuman_res.json,True
South America,Argentina,Torneo Proyección,2f3fydvyjz2svhlc1eo3qflwd,2026,bljavrr1ccrfzurbggm3fuyok,San Lorenzo Res.,Rosario Central Res.,2026-02-03,data\south_america\argentina\torneo_proyeccion\2f3fydvyjz2svhlc1eo3qflwd\2026\3trr1fkbng6fnagct7101bpck\matchstats\bljavrr1ccrfzurbggm3fuyok_20260203_00_00_00_san_lorenzo_res_rosario_central_res.json,True
