Nombre	 País	 Equipo	 Categoría	 Edad	 Año	 Altura	 ELO	 Max. ELO	 REAP	 +/- ELO (1 año)	 Potencial	 Fin Contrato	 Valor de mercado	 Agente	 Position principal	 PJ Temporada Actual	 Min Temporada Actual	 Año	 Minutos
F. Rodríguez	 Argentina	 Talleres R. Escalada	 Primera B	 19	 06	 -	 26	 38	 0.69	 -	 40	 -	 0.001	 -	 RM	 4	 30	 2006	 13	 
 U. La Roza	 Argentina	 Arsenal de Sarandí	 Primera B	 21	 05	 170	 38	 40	 0.92	 -	 52	 -	 0.049	 -	 RW	 3	 43	 2005	 16	 
 Thiago Schiavulli	 Argentina	 Arsenal de Sarandí	 Primera B	 22	 03	 179	 55	 58	 1.24	 4	 67	 2026-12-31	 0.267	 Fair play sport agency	 CB	 4	 342	 2003	 90	 
 M. Cantero	 Argentina	 Talleres R. Escalada	 Primera B	 21	 04	 176	 38	 40	 0.96	 1	 50	 2027-12-31	 0.025	 NINJA SPORT	 CAM	 2	 42	 2004	 13	 
 V. Albano	 Argentina	 UAI Urquiza	 Primera B	 23	 03	 183	 50	 54	 1.11	 -1	 59	 2026-12-31	 0.227	 DyR Fútbol	 RB	 4	 251	 2003	 90	 
 A. Nalerio	 Argentina	 Flandria	 Primera B	 23	 03	 184	 50	 50	 1.20	 7	 59	 -	 0.101	 -	 CM	 4	 249	 2003	 44	 
 Enzo Franco	 Argentina	 Real Pilar	 Primera B	 22	 04	 -	 61	 61	 1.39	 10	 71	 2025-12-31	 0.162	 NLSports	 LB	 4	 352	 2004	 82	 
 M. Trombini	 Italy	 Arsenal de Sarandí	 Primera B	 22	 03	 169	 55	 55	 1.39	 6	 65	 2025-12-31	 0.420	 Score Futbol	 CM	 4	 110	 2003	 32	 
 V. Mancini	 Argentina	 Real Pilar	 Primera B	 22	 03	 164	 55	 55	 1.25	 10	 66	 2026-12-31	 0.098	 -	 LW	 4	 296	 2003	 56	 
 Diego Barrionuevo	 Argentina	 Dep. Armenio	 Primera B	 22	 03	 181	 57	 57	 1.44	 3	 67	 -	 0.401	 -	 CAM	 3	 124	 2003	 90	 
 Axel Poza	 Argentina	 Arg. Quilmes	 Primera B	 22	 03	 191	 43	 49	 1.07	 -2	 55	 2026-12-31	 0.126	 Real Player	 CB	 4	 277	 2003	 90	 
 B. Ortíz	 Argentina	 Dep. Armenio	 Primera B	 22	 03	 184	 50	 55	 1.25	 6	 60	 2026-12-31	 0.310	 Score Futbol	 DM	 4	 360	 2003	 90	 
 Nicolás Meaurio	 Argentina	 Brown Adrogué	 Primera B	 22	 03	 175	 59	 59	 1.51	 11	 69	 2027-12-31	 0.112	 Score Futbol	 ST	 4	 275	 2003	 66	 
 M. Lucero	 Argentina	 Arsenal de Sarandí	 Primera B	 21	 04	 179	 61	 61	 1.64	 6	 72	 2028-12-31	 0.066	 -	 CM	 4	 360	 2004	 90	 
 Mauro Dávila	 Argentina	 Dep. Armenio	 Primera B	 22	 03	 190	 45	 45	 1.15	 3	 57	 2026-12-31	 0.001	 -	 ST	 4	 54	 2003	 12	 
 J. Arango	 Argentina	 Talleres R. Escalada	 Primera B	 20	 05	 169	 39	 42	 1.11	 -1	 55	 -	 0.012	 -	 ST	 4	 280	 2005	 90	 
 Franco Ojeda	 Argentina	 Villa San Carlos	 Primera B	 22	 03	 181	 56	 56	 1.39	 9	 68	 -	 0.088	 -	 CB	 4	 360	 2003	 90	 
 V. Carlucci	 Argentina	 Villa Dálmine	 Primera B	 22	 03	 172	 36	 36	 0.91	 3	 46	 2025-12-31	 0.013	 -	 CM	 2	 78	 2003	 44	 
 N. Mosca	 Argentina	 Dep. Armenio	 Primera B	 22	 03	 177	 42	 44	 0.95	 -	 53	 2027-12-31	 0.084	 -	 LB	 4	 360	 2003	 90	 
 L. Brítez	 Argentina	 Comunicaciones 	 Primera B	 21	 04	 -	 26	 26	 0.00	 -	 40	 -	 0.002	 -	 -	 2	 68	 2004	 44	 
 B. Cenci	 Argentina	 Sportivo Italiano	 Primera B	 22	 03	 181	 49	 50	 1.24	 4	 59	 -	 0.192	 SinLimites SM	 CM	 2	 94	 2003	 4	 
 K. Pavía	 Argentina	 Arsenal de Sarandí	 Primera B	 23	 03	 171	 39	 44	 0.90	 2	 50	 2025-12-31	 0.101	 Jose Luis Díaz Arin 	 RW	 4	 155	 2003	 44	 
 T. Colletta	 Argentina	 Arsenal de Sarandí	 Primera B	 22	 03	 179	 45	 45	 1.12	 8	 55	 2026-12-31	 0.028	 -	 CM	 4	 320	 2003	 74	 
 Bruno Villalba	 Argentina	 Dock Sud	 Primera B	 23	 03	 183	 50	 50	 1.20	 5	 59	 2026-12-31	 0.065	 -	 CAM	 4	 316	 2003	 90	 
 Valentíno Venetucci	 Argentina	 Liniers	 Primera B	 23	 03	 -	 54	 57	 1.32	 1	 63	 2026-12-31	 0.277	 AAmanagers	 ST	 4	 295	 2003	 59	 
 N. Nistal	 Argentina	 Dep. Armenio	 Primera B	 22	 03	 -	 33	 37	 0.92	 -	 45	 2025-12-31	 0.001	 -	 GK	 4	 360	 2003	 90	 
 C. Rodríguez	 Argentina	 Dep. Armenio	 Primera B	 22	 04	 -	 43	 47	 0.97	 -1	 55	 2027-12-31	 0.098	 AAmanagers	 CB	 2	 150	 2004	 87	 
 A. Torres	 Argentina	 San Martín Burzaco	 Primera B	 23	 03	 172	 53	 53	 1.27	 10	 62	 2026-12-31	 0.070	 3T-FUTBOL	 CAM	 4	 110	 2003	 24	 
 L. Barrientos	 Argentina	 Deportivo Merlo	 Primera B	 20	 05	 181	 31	 31	 0.87	 -	 48	 2026-12-31	 0.041	 Vidalagente	 CB	 4	 316	 2005	 90	 
 J. Quattrocchi	 Argentina	 Arg. Quilmes	 Primera B	 22	 04	 180	 31	 38	 0.76	 -	 42	 2029-06-30	 0.007	 DCGLOBALSL	 CAM	 6	 147	 2004	 23	 
 D. Oyarzún	 Chile	 Arg. Quilmes	 Primera B	 23	 03	 186	 31	 32	 0.76	 -	 42	 2027-12-31	 0.095	 -	 ST	 3	 187	 2003	 67	 
 M. Lopez	 Argentina	 Def. Unidos	 Primera B	 22	 03	 176	 41	 42	 1.05	 1	 53	 2026-12-31	 0.018	 -	 ST	 4	 169	 2003	 81	 
 A. Arias	 Argentina	 Dock Sud	 Primera B	 22	 04	 183	 44	 50	 1.19	 -1	 56	 2026-12-31	 0.146	 B2B Group SA	 ST	 4	 294	 2004	 90	 
 S. Fabi	 Argentina	 Villa San Carlos	 Primera B	 20	 05	 -	 26	 29	 0.73	 -	 42	 2026-12-31	 0.001	 -	 CB	 3	 167	 2005	 46	 
 T. Ponzo	 Argentina	 Villa Dálmine	 Primera B	 21	 04	 -	 54	 54	 1.27	 11	 66	 -	 0.038	 -	 LM	 4	 355	 2004	 88	 
 B. Guayquinao	 Argentina	 Brown Adrogué	 Primera B	 21	 04	 -	 26	 26	 0.70	 -	 35	 2027-12-31	 0.002	 -	 CM	 4	 173	 2004	 20	 
 D. Maguicha	 Argentina	 Deportivo Merlo	 Primera B	 22	 03	 -	 48	 49	 1.09	 5	 59	 2025-12-31	 0.076	 -	 LW	 4	 317	 2003	 90	 
 F. Farías	 Argentina	 Villa San Carlos	 Primera B	 21	 04	 169	 32	 33	 0.76	 -1	 47	 2027-12-31	 0.001	 AREA SPORT TEAM	 RB	 3	 97	 2004	 5	 
 Joaquin Cesar	 Argentina	 Real Pilar	 Primera B	 20	 05	 177	 36	 36	 0.99	 5	 49	 -	 0.001	 -	 DM	 2	 53	 2005	 25	 
 G. Fernández	 Argentina	 Liniers	 Primera B	 22	 03	 167	 40	 41	 0.91	 3	 51	 -	 0.033	 Ala Sur 	 RM	 4	 264	 2003	 75	 
 M. Polizzotto	 Argentina	 UAI Urquiza	 Primera B	 22	 03	 172	 38	 40	 0.93	 1	 49	 2025-12-31	 0.046	 -	 CAM	 4	 260	 2003	 46	 
 M. Solís	 Argentina	 Villa Dálmine	 Primera B	 20	 05	 171	 48	 48	 1.36	 6	 63	 -	 0.082	 -	 CM	 4	 360	 2005	 90	 
 B. González	 Argentina	 Flandria	 Primera B	 22	 04	 -	 43	 44	 0.98	 3	 52	 -	 0.055	 -	 RM	 4	 222	 2004	 72	 
 F. Camejo	 Argentina	 Liniers	 Primera B	 22	 03	 -	 52	 52	 1.33	 14	 63	 2026-12-31	 0.026	 -	 ST	 3	 206	 2003	 31	 
 J. Ferrara	 Argentina	 UAI Urquiza	 Primera B	 20	 05	 178	 37	 37	 0.93	 4	 52	 -	 0.014	 -	 LB	 2	 53	 2005	 24	 
 F. Zabala	 Argentina	 Villa San Carlos	 Primera B	 19	 06	 -	 36	 36	 0.94	 1	 53	 -	 0.028	 -	 RW	 1	 13	 2006	 13	 
 T. Hirigoyen	 Argentina	 Sportivo Italiano	 Primera B	 20	 06	 175	 37	 38	 1.05	 -	 52	 -	 0.006	 -	 ST	 4	 106	 2006	 29	 
 N. Damiolini	 Argentina	 Excursionistas	 Primera B	 22	 03	 -	 36	 37	 0.92	 3	 47	 2026-12-31	 0.009	 -	 ST	 4	 192	 2003	 21	 
 B. Gauna	 Argentina	 Liniers	 Primera B	 22	 03	 -	 35	 36	 0.89	 4	 45	 2026-12-31	 0.013	 A One Agency	 ST	 2	 37	 2003	 6	 
 M. Campusano	 Argentina	 Ituzaingó	 Primera B	 22	 03	 -	 26	 26	 0.59	 -5	 35	 -	 0.001	 -	 RM	 5	 450	 2003	 90	 
 T. Ferreyra	 Argentina	 Def. Unidos	 Primera B	 22	 03	 -	 43	 43	 1.09	 6	 52	 -	 0.007	 -	 CM	 4	 289	 2003	 71	 
 Geronimo Tahiel Govi	 Argentina	 Real Pilar	 Primera B	 22	 03	 -	 56	 56	 1.40	 11	 68	 2025-12-31	 0.040	 NLSports	 CB	 4	 360	 2003	 90	 
 Diego Tomas	 Argentina	 Villa Dálmine	 Primera B	 20	 05	 -	 42	 42	 1.06	 11	 42	 -	 0.002	 -	 LB	 4	 360	 2005	 90	 
 A. Martin	 Argentina	 Arg. Quilmes	 Primera B	 22	 04	 -	 26	 26	 0.00	 -	 35	 -	 0.002	 -	 -	 2	 101	 2004	 57	 
 Lautaro Filosa	 Argentina	 Arg. Quilmes	 Primera B	 22	 03	 -	 45	 45	 1.13	 8	 55	 -	 0.010	 -	 CM	 4	 300	 2003	 90	 
 F. Centurion	 Argentina	 Sportivo Italiano	 Primera B	 22	 03	 -	 41	 41	 1.03	 6	 51	 2026-12-31	 0.007	 -	 CM	 4	 254	 2003	 69	 
 J. Tello	 Argentina	 Def. Unidos	 Primera B	 21	 04	 -	 31	 31	 0.83	 -	 47	 -	 0.005	 -	 CM	 4	 254	 2004	 19	 
 M. Blanco	 Argentina	 Excursionistas	 Primera B	 22	 03	 -	 27	 27	 0.69	 1	 38	 -	 0.001	 -	 ST	 4	 300	 2003	 58	 
 N. López	 Argentina	 Dock Sud	 Primera B	 20	 05	 -	 38	 38	 0.96	 3	 53	 -	 0.008	 -	 RB	 2	 180	 2005	 90	 
 I. Serpa	 Argentina	 San Martín Burzaco	 Primera B	 21	 05	 -	 45	 45	 1.22	 7	 60	 -	 0.017	 -	 ST	 4	 326	 2005	 66	 
 C. Sineiro	 Argentina	 Deportivo Merlo	 Primera B	 22	 04	 -	 37	 38	 0.92	 4	 49	 -	 0.002	 -	 CB	 2	 14	 2004	 5	 
 G. González	 Argentina	 Comunicaciones 	 Primera B	 20	 05	 -	 26	 26	 0.00	 -	 35	 -	 0.002	 -	 -	 2	 26	 2005	 22	 
 A. Caceres	 Argentina	 UAI Urquiza	 Primera B	 18	 07	 -	 26	 26	 0.00	 -	 43	 -	 0.002	 -	 -	 4	 307	 2007	 66	 
 L. Romero	 Argentina	 Argentino Merlo	 Primera B	 20	 05	 -	 26	 26	 0.00	 -	 35	 -	 0.002	 -	 -	 1	 13	 2005	 13	 
 