match_id,partido,liga,peso_liga,match_date,home_team_id,away_team_id,n_u23,densidad_u23,minutos_u23,rating_promedio_u23,tiene_rating,mps,formula_usada,z_score,percentil_zscore,prioridad,z_score_grupo,grupo_zscore,percentil_zscore_grupo
2026247708,Arsenal de Sarandí vs Def. Unidos,Primera B Metro,0.9,09/03/2026,,,7,0.636,595,0.0,False,7.15,SIN_RATING,2.13576423757373,100.0,TOP,2.179805247058328,SIN rating,100.0
15180172,Ituano vs Monte Azul,Paulista A2,0.65,07/03/2026,2025.0,39617.0,8,0.727,702,6.48,True,6.88,CON_RATING,0.9016204032310562,78.84615384615384,TOP,2.096859227128537,Resto CON rating,98.0
15571107,Rio Branco-ES vs Athletic Club,Copa Brasil,0.75,05/03/2026,49199.0,342775.0,7,0.636,579,0.0,False,6.7,SIN_RATING,1.7606885636320428,96.15384615384616,TOP,1.7969952403551404,SIN rating,96.1
15180161,EC Santo André vs EC São Bento,Paulista A2,0.65,07/03/2026,6966.0,6967.0,7,0.636,569,6.87,True,6.54,CON_RATING,0.6640522258010594,76.92307692307693,TOP,1.7427230021023845,Resto CON rating,94.1
15651378,Botafogo vs Bangu,Carioca,0.85,07/03/2026,1958.0,1993.0,6,0.545,512,6.83,True,6.48,CON_RATING,0.6221284297840014,75.0,TOP,1.6802283741565933,Resto CON rating,92.2
15415180,Real Cartagena vs Orsomarso SC,Colombia 2 Div,0.6,07/03/2026,6119.0,213490.0,11,1.0,932,6.62,True,8.19,CON_RATING,1.8169566162701616,98.07692307692308,TOP,1.6699115399510427,Colombia CON rating,90.2
2026247709,Dep. Armenio vs Deportivo Laferrere,Primera B Metro,0.9,09/03/2026,,,6,0.545,531,0.0,False,6.52,SIN_RATING,1.6106582940553678,94.23076923076924,MUY ALTA,1.643871237673865,SIN rating,88.2
15592404,Santa Catarina Clube vs Cuiabá,Copa Brasil,0.75,05/03/2026,465990.0,49202.0,6,0.545,485,0.0,False,6.07,SIN_RATING,1.2355826201136817,84.61538461538461,MUY ALTA,1.261061230970678,SIN rating,86.3
15415178,Envigado FC vs Boca Juniors de Cali,Colombia 2 Div,0.6,05/03/2026,6114.0,89366.0,10,0.909,838,7.04,True,7.86,CON_RATING,1.5863757381763417,92.3076923076923,MUY ALTA,1.0463519267302865,Colombia CON rating,84.3
15512228,Nova Iguaçu vs Sampaio Corrêa-RJ,Carioca,0.85,08/03/2026,6981.0,257632.0,4,0.364,330,7.0,True,5.62,CON_RATING,0.0212206868728325,57.692307692307686,MUY ALTA,0.7844720402669121,Resto CON rating,82.4
15180168,Ferroviária vs CA Linense,Paulista A2,0.65,07/03/2026,35285.0,47503.0,5,0.455,428,6.62,True,5.56,CON_RATING,-0.020703109144226,48.07692307692308,MUY ALTA,0.7219774123211199,Resto CON rating,80.4
2026247712,Dock Sud vs Villa Dálmine,Primera B Metro,0.9,09/03/2026,,,4,0.364,341,0.0,False,5.25,SIN_RATING,0.552111392042163,70.1923076923077,MUY ALTA,0.5634963298670917,SIN rating,78.4
2026247711,Deportivo Merlo vs UAI Urquiza,Primera B Metro,0.9,09/03/2026,,,4,0.364,323,0.0,False,5.25,SIN_RATING,0.552111392042163,70.1923076923077,MUY ALTA,0.5634963298670917,SIN rating,76.5
2026247710,Deportivo Camioneros vs Real Pilar,Primera B Metro,0.9,09/03/2026,,,4,0.364,351,0.0,False,5.25,SIN_RATING,0.552111392042163,70.1923076923077,ALTA,0.5634963298670917,SIN rating,74.5
2026247715,San Martín Burzaco vs Villa San Carlos,Primera B Metro,0.9,09/03/2026,,,4,0.364,304,0.0,False,5.25,SIN_RATING,0.552111392042163,70.1923076923077,ALTA,0.5634963298670917,SIN rating,72.5
15600632,Londrina vs Operário-PR,Paranaense,0.9,07/03/2026,2022.0,39634.0,3,0.273,244,7.23,True,5.33,CON_RATING,-0.1814109938762824,46.15384615384615,ALTA,0.4824146718622522,Resto CON rating,70.6
15566102,Figueirense vs Azuriz,Copa Brasil,0.75,04/03/2026,1985.0,375853.0,4,0.364,306,0.0,False,4.8,SIN_RATING,0.1770357181004759,61.53846153846154,ALTA,0.1806863231639042,SIN rating,68.6
15591979,Capital FC vs Manaus,Copa Brasil,0.75,04/03/2026,339670.0,283918.0,4,0.364,339,0.0,False,4.8,SIN_RATING,0.1770357181004759,61.53846153846154,ALTA,0.1806863231639042,SIN rating,66.7
15566108,Avaí vs Porto Vitória,Copa Brasil,0.75,04/03/2026,7315.0,458774.0,4,0.364,303,0.0,False,4.8,SIN_RATING,0.1770357181004759,61.53846153846154,ALTA,0.1806863231639042,SIN rating,64.7
15415177,Barranquilla FC vs Unión Magdalena,Colombia 2 Div,0.6,04/03/2026,89364.0,89376.0,9,0.818,773,7.03,True,7.4,CON_RATING,1.2649599687122282,90.3846153846154,ALTA,0.17714761739226073,Colombia CON rating,62.7
15566225,Madureira vs Flamengo,Carioca,0.85,03/03/2026,6980.0,5981.0,4,0.364,327,5.0,True,5.02,CON_RATING,-0.3980172732977505,40.38461538461539,ALTA,0.15952576080899464,Resto CON rating,60.8
15415181,Tigres FC vs Patriotas Boyacá,Colombia 2 Div,0.6,06/03/2026,89354.0,61504.0,9,0.818,748,6.89,True,7.36,CON_RATING,1.237010771367523,87.5,MEDIA,0.10156463397156275,Colombia CON rating,58.8
15415174,Atlético Cali vs Leones FC,Colombia 2 Div,0.6,03/03/2026,89372.0,89362.0,9,0.818,767,6.91,True,7.36,CON_RATING,1.237010771367523,87.5,MEDIA,0.10156463397156275,Colombia CON rating,56.9
2026247706,Arg. Quilmes vs Argentino Merlo,Primera B Metro,0.9,09/03/2026,,,3,0.273,259,0.0,False,4.61,SIN_RATING,0.0186704335473196,52.88461538461539,MEDIA,0.019055431444781053,SIN rating,54.9
2026247716,Liniers vs Sportivo Italiano,Primera B Metro,0.9,09/03/2026,,,3,0.273,227,0.0,False,4.61,SIN_RATING,0.0186704335473196,52.88461538461539,MEDIA,0.019055431444781053,SIN rating,52.9
2026247713,Flandria vs Talleres R. Escalada,Primera B Metro,0.9,09/03/2026,,,3,0.273,241,0.0,False,4.61,SIN_RATING,0.0186704335473196,52.88461538461539,MEDIA,0.019055431444781053,SIN rating,51.0
2026247714,Brown Adrogué vs Ituzaingó,Primera B Metro,0.9,09/03/2026,,,3,0.273,248,0.0,False,4.61,SIN_RATING,0.0186704335473196,52.88461538461539,MEDIA,0.019055431444781053,SIN rating,49.0
15646622,Grêmio Novorizontino vs Palmeiras,Paulista A1,0.9,09/03/2026,135514.0,1963.0,2,0.182,174,6.95,True,4.79,CON_RATING,-0.5587251580298069,36.53846153846153,MEDIA,-0.08003697964987302,Resto CON rating,47.1
15645747,Palmeiras vs Grêmio Novorizontino,Paulista A1,0.9,05/03/2026,1963.0,135514.0,2,0.182,150,6.75,True,4.73,CON_RATING,-0.6006489540468649,34.61538461538461,MEDIA,-0.1425316075956643,Resto CON rating,45.1
15180167,Água Santa vs Osasco Sporting,Paulista A2,0.65,07/03/2026,135510.0,32779.0,3,0.273,267,6.77,True,4.69,CON_RATING,-0.6285981513915705,32.69230769230769,MEDIA,-0.1841946928928588,Resto CON rating,43.1
15180166,XV de Piracicaba vs Votuporanguense,Paulista A2,0.65,07/03/2026,61692.0,135524.0,3,0.273,261,6.57,True,4.63,CON_RATING,-0.670521947408629,30.76923076923077,MEDIA,-0.246689320838651,Resto CON rating,41.2
15607733,Internacional vs Grêmio,Gaúcho,0.85,08/03/2026,1966.0,5926.0,2,0.182,179,6.7,True,4.62,CON_RATING,-0.6775092467448053,28.846153846153843,BAJA,-0.2571050921629494,Resto CON rating,39.2
15566091,Nova Iguaçu vs Lagarto FC,Copa Brasil,0.75,04/03/2026,6981.0,144856.0,3,0.273,270,0.0,False,4.16,SIN_RATING,-0.3564052403943673,43.269230769230774,BAJA,-0.36375457525840654,SIN rating,37.3
15592407,AE Velo Clube vs Vila Nova FC,Copa Brasil,0.75,04/03/2026,88736.0,2021.0,3,0.273,266,0.0,False,4.16,SIN_RATING,-0.3564052403943673,43.269230769230774,BAJA,-0.36375457525840654,SIN rating,35.3
15643468,Cruzeiro vs Atlético Mineiro,Mineiro,0.78,08/03/2026,1954.0,1977.0,2,0.182,156,6.55,True,4.43,CON_RATING,-0.8102679341321568,26.923076923076923,BAJA,-0.4550047473246235,Resto CON rating,33.3
2026247707,Comunicaciones vs Excursionistas,Primera B Metro,0.9,09/03/2026,,,2,0.182,180,0.0,False,3.97,SIN_RATING,-0.514770524947524,38.46153846153847,BAJA,-0.5253854669775301,SIN rating,31.400000000000006
15415179,Real Cundinamarca vs Internacional de Palmira,Colombia 2 Div,0.6,05/03/2026,484422.0,39866.0,8,0.727,649,7.21,True,7.0,CON_RATING,0.9854679952651728,82.6923076923077,BAJA,-0.578682216814719,Colombia CON rating,29.400000000000006
15608566,Novo Hamburgo vs São Luiz,Gaúcho,0.85,07/03/2026,480376.0,32768.0,1,0.091,64,6.9,True,4.22,CON_RATING,-0.9570012201918608,19.230769230769234,BAJA,-0.6737359451348943,Resto CON rating,27.5
15415176,Independiente Yumbo vs Bogotá FC,Colombia 2 Div,0.6,05/03/2026,1166437.0,89352.0,8,0.727,708,6.94,True,6.92,CON_RATING,0.9295696005757618,80.76923076923077,BAJA,-0.7298481836561149,Colombia CON rating,25.5
15512222,Portuguesa-RJ vs Sampaio Corrêa-RJ,Carioca,0.85,03/03/2026,208067.0,257632.0,1,0.091,90,6.4,True,4.07,CON_RATING,-1.061810710234506,17.307692307692307,BAJA,-0.8299725149993731,Resto CON rating,23.5
15592406,Ivinhema vs Volta Redonda,Copa Brasil,0.75,05/03/2026,34000.0,6982.0,2,0.182,157,0.0,False,3.52,SIN_RATING,-0.8898461988892109,23.076923076923077,BAJA,-0.9081954736807176,SIN rating,21.599999999999994
15566110,Portuguesa-RJ vs Maracanã,Copa Brasil,0.75,05/03/2026,208067.0,87156.0,2,0.182,151,0.0,False,3.52,SIN_RATING,-0.8898461988892109,23.076923076923077,BAJA,-0.9081954736807176,SIN rating,19.599999999999994
15592409,América Mineiro vs Tirol/CEFAT,Copa Brasil,0.75,05/03/2026,1973.0,398170.0,2,0.182,157,0.0,False,3.52,SIN_RATING,-0.8898461988892109,23.076923076923077,BAJA,-0.9081954736807176,SIN rating,17.599999999999994
15643465,North EC vs União Recreativa dos Trabalhadores,Mineiro,0.78,07/03/2026,465989.0,35278.0,1,0.091,90,6.3,True,3.9,CON_RATING,-1.1805947989495047,15.384615384615383,BAJA,-1.00704062751245,Resto CON rating,15.700000000000003
15180163,Taubaté vs Grêmio Prudente,Paulista A2,0.65,07/03/2026,135512.0,252408.0,1,0.091,75,6.5,True,3.7,CON_RATING,-1.320340785673032,13.461538461538462,BAJA,-1.2153560539984218,Resto CON rating,13.700000000000003
15180173,São José EC vs Sertãozinho,Paulista A2,0.65,07/03/2026,88744.0,6958.0,1,0.091,90,6.3,True,3.64,CON_RATING,-1.3622645816900905,11.538461538461538,BAJA,-1.2778506819442137,Resto CON rating,11.799999999999997
15512233,Portuguesa-RJ vs Maricá FC,Carioca,0.85,08/03/2026,208067.0,288535.0,1,0.091,90,4.9,True,3.62,CON_RATING,-1.3762391803624432,9.615384615384617,BAJA,-1.298682224592811,Resto CON rating,9.799999999999997
15625739,Betim Futebol vs Operário-PR,Copa Brasil,0.75,04/03/2026,368413.0,39634.0,1,0.091,90,0.0,False,2.89,SIN_RATING,-1.4149521424075724,4.807692307692308,BAJA,-1.4441294830651799,SIN rating,7.799999999999997
15592343,CRB vs Porto SC,Copa Brasil,0.75,04/03/2026,22032.0,516524.0,1,0.091,65,0.0,False,2.89,SIN_RATING,-1.4149521424075724,4.807692307692308,BAJA,-1.4441294830651799,SIN rating,5.900000000000006
15566116,Desportiva Ferroviária vs Sport Recife,Copa Brasil,0.75,05/03/2026,34011.0,1959.0,1,0.091,90,0.0,False,2.89,SIN_RATING,-1.4149521424075724,4.807692307692308,BAJA,-1.4441294830651799,SIN rating,3.9000000000000057
15573846,Trem vs Fluminense-PI,Copa Brasil,0.75,05/03/2026,21865.0,375317.0,1,0.091,67,0.0,False,2.89,SIN_RATING,-1.4149521424075724,4.807692307692308,BAJA,-1.4441294830651799,SIN rating,2.0
15415175,Real Santander vs Deportes Quindío,Colombia 2 Div,0.6,05/03/2026,89358.0,6110.0,7,0.636,587,6.59,True,6.36,CON_RATING,0.5382808377498848,65.38461538461539,BAJA,-1.788009951545885,Colombia CON rating,0.0
