player_id,player_name,liga,rating_promedio,partidos_total
1647753,Didier Palacios,Colombia 2 Div,7.65,2
1906041,Andrés Lorenzo Carreño Zambrano,Colombia 2 Div,7.428571428571429,7
1836596,Gabriel Arrieta,Colombia 2 Div,7.385714285714286,7
2039649,Kevin Andres Álvarez Carvajal,Colombia 2 Div,7.3500000000000005,6
1904871,Leyner David Palacios Cordoba,Colombia 2 Div,7.283333333333334,6
2026435,Daniel Davi Simão Roque,Paulista A2,7.266666666666667,15
1066620,Miguel Monsalve,Gaúcho,7.233333333333334,3
2048967,Didier Dawson,Colombia 2 Div,7.233333333333333,6
1174174,Andrés Felipe Alfonso Ciprian,Colombia 2 Div,7.2124999999999995,8
1907760,Viery,Gaúcho,7.200000000000001,7
1388644,Andrés Tovar,Colombia 2 Div,7.199999999999999,2
2441838,Cristian Graciano Morales,Colombia 2 Div,7.175,8
1466084,Wallace Yan,Carioca,7.166666666666667,3
2125637,Vitinho,Paranaense,7.154545454545455,11
2008383,Juan Alberto Sanchez,Colombia 2 Div,7.1125,8
1512551,Ythallo,Carioca,7.1000000000000005,4
1463339,Juninho,Paulista A2,7.1000000000000005,14
1831399,Nilzo Ramírez,Colombia 2 Div,7.1,5
1414729,Jhon Lerma,Colombia 2 Div,7.1,7
2087280,Dani Jose Ferrer,Colombia 2 Div,7.1,1
1587832,Lucas Soares Stefanello,Paulista A2,7.1,10
1592238,Yago Lincoln,Paranaense,7.066666666666666,12
1902547,Tomás Andrés Díaz Carabali,Colombia 2 Div,7.057142857142857,7
1482359,Jhoan Hernandez,Carioca,7.05,2
1899911,Samuel  Flórez,Colombia 2 Div,7.0375,8
1150391,Vitor Roque,Paulista A1,7.029999999999999,10
1906056,Javier Arturo Ortíz Fernández,Colombia 2 Div,7.028571428571429,7
1137867,Alejandro Aguilar,Colombia 2 Div,7.0249999999999995,8
1478279,Daniel Marmolejo,Colombia 2 Div,7.0125,8
1631268,Gabriel Justino,Carioca,7.0,6
2440201,Alemão,Paulista A1,7.0,3
1476558,Dantas,Paulista A1,7.0,10
1906181,Freddy Enrique Molina Salcedo,Colombia 2 Div,7.0,7
1654460,Jhojan Amaya,Colombia 2 Div,7.0,7
1427847,Dilan Tapia,Colombia 2 Div,7.0,3
1899908,Philippe Oviedo,Colombia 2 Div,7.0,7
1485191,Allex,Gaúcho,7.0,10
1906183,Carlos Yesid Restrepo Castillo,Colombia 2 Div,6.9875,8
1829051,Duván Ruiz,Colombia 2 Div,6.985714285714286,7
2052685,Darwin Torres,Colombia 2 Div,6.983333333333333,6
1901814,Andres Ruíz,Colombia 2 Div,6.983333333333333,6
1174933,Sebastián Girado,Colombia 2 Div,6.975,8
1385943,Kleiton Cuellar,Colombia 2 Div,6.975,4
1855842,Santiago Mora,Colombia 2 Div,6.966666666666666,3
2041502,Carlos Jhoanny Gómez García,Colombia 2 Div,6.957142857142857,7
1808911,Santiago Agamez,Colombia 2 Div,6.957142857142857,7
1478337,Luis Palacios,Colombia 2 Div,6.957142857142857,7
1609538,Lucas Mazdiel Aruba Santos,Paulista A2,6.944444444444445,9
2214562,Thierry Hanry Praxedes Conti,Paulista A2,6.942857142857143,7
1067645,Luiz Guilherme,Paulista A2,6.938461538461539,13
1170954,Victor Hugo,Mineiro,6.9375,8
2461844,Mateo Valencia Gómez,Colombia 2 Div,6.933333333333334,3
2183867,Jesus Peñaloza,Colombia 2 Div,6.928571428571429,7
1835889,Allan,Paulista A1,6.927272727272728,11
2451049,Samuel Barco Maturana,Colombia 2 Div,6.925,4
1589395,Thiago Montelo Pereira,Paulista A2,6.921428571428572,14
1645851,Luiz Gustavo,Paulista A2,6.92,10
1176199,Válber Júnior,Gaúcho,6.92,5
1145106,Evertton Araujo,Carioca,6.916666666666667,6
1843325,Kadu Santos,Carioca,6.916666666666667,6
2172102,Cristian Iguarán,Colombia 2 Div,6.914285714285714,7
1201151,José Mercado,Colombia 2 Div,6.914285714285714,7
1883345,Luiz Felipe,Carioca,6.9,1
2159969,Michael Fashanu,Carioca,6.9,2
1901095,Carlos Andres  Franco Bustillo,Colombia 2 Div,6.8999999999999995,7
1906097,Alejandro Jose Onate Zuniga,Colombia 2 Div,6.887499999999999,8
2063961,Emanuel Londoño,Colombia 2 Div,6.883333333333333,6
1590414,Paulo Amorim,Paulista A2,6.881818181818182,11
1587856,Lipe Gadol,Paulista A2,6.877777777777777,9
1904102,Jesús Rodríguez,Colombia 2 Div,6.875,4
2057372,Brandon Mejía,Colombia 2 Div,6.875,8
1524156,João Vitor Gomes Lopes,Paulista A2,6.875,8
1173236,Guilherme Kayron,Carioca,6.875,4
1977823,Harold Ortiz,Colombia 2 Div,6.874999999999999,8
2126508,Luis Alejandro Rangel Hernández,Colombia 2 Div,6.871428571428572,7
1839558,Kener González,Colombia 2 Div,6.8625,8
2031365,Gabriel William,Paulista A2,6.859999999999999,5
1113527,Julián Palacios,Colombia 2 Div,6.85,4
1174856,Jesús Díaz,Colombia 2 Div,6.8428571428571425,7
1906021,Milton Yasert Andrade Morán,Colombia 2 Div,6.8375,8
2018803,Edwin Cabezas,Colombia 2 Div,6.8375,8
2452197,Johan Grisales Obando,Colombia 2 Div,6.833333333333333,3
2443188,Vitor Mariano Severo,Paulista A2,6.8307692307692305,13
1478220,Jean Vallejo,Colombia 2 Div,6.825,8
1899906,Miguel Agamez,Colombia 2 Div,6.825,4
1499920,Lucas Cruz,Carioca,6.816666666666666,12
1589800,Lucas Alvim Vicente da Silva,Paulista A2,6.8133333333333335,15
2042121,Didier Fabián Henao Beitar,Colombia 2 Div,6.8125,8
1546702,Allan Passos dos Santos,Paulista A2,6.800000000000001,13
2048018,Juan Pablo García Habib,Colombia 2 Div,6.8,7
1906109,Jhoan Alberto Pinto Gámez,Colombia 2 Div,6.8,2
2464432,Juan Jeronimo Alba Quintero,Colombia 2 Div,6.8,3
1174884,Deivi Barrios,Colombia 2 Div,6.8,8
1834741,Bruno Alberto dos Santos,Paulista A2,6.776923076923077,13
2036751,Welington Zarú,Carioca,6.775,4
1901813,Luis Gómez,Colombia 2 Div,6.775,8
1146875,Ronaldo Royero,Colombia 2 Div,6.771428571428571,7
2028289,Caio Valle,Carioca,6.766666666666667,6
1386047,Jean Carlos,Paulista A2,6.763636363636365,11
1628438,Alexander Carabalí,Colombia 2 Div,6.76,5
1388634,Rubio España,Colombia 2 Div,6.75,6
2113985,Oscar Vivas,Colombia 2 Div,6.75,6
1214719,Antonio David Souza,Paulista A2,6.745454545454546,11
1906127,Kevin Estiven Mosquera Urrutia,Colombia 2 Div,6.74,5
1199393,Caio Rafael,Paulista A2,6.738461538461538,13
1871926,Yeiler Banguero,Colombia 2 Div,6.7375,8
1615047,Jhon Barreiro,Colombia 2 Div,6.7375,8
1902549,José David Montes Flórez,Colombia 2 Div,6.733333333333333,6
1177384,André Dhominique,Paranaense,6.733333333333333,3
1510221,José Carlos,Paulista A2,6.728571428571429,7
1589672,Daniel Nunes,Carioca,6.7250000000000005,12
1831389,Sergio Díaz,Colombia 2 Div,6.720000000000001,5
2452201,Jhon Alexander Riascos Cuero,Colombia 2 Div,6.716666666666666,6
1906080,Jorge Enrique Pérez Bohórquez,Colombia 2 Div,6.714285714285714,7
1588628,Victor Silva dos Reis,Paulista A2,6.7125,8
1587938,Mateus Peloggia,Mineiro,6.711111111111111,9
1830597,Gustavo Nunes Migueis,Paulista A2,6.709090909090909,11
1589352,Cauê Raphael de Souza Soares,Paulista A2,6.708333333333333,12
2451713,Juan Camilo Quiñones Cuellar,Colombia 2 Div,6.7,6
1106487,Victor Gabriel,Gaúcho,6.7,6
1906084,Heyder De Arco,Colombia 2 Div,6.7,3
2125636,Juan Quejada,Colombia 2 Div,6.7,3
1388637,Tomás Soto,Colombia 2 Div,6.7,3
1906133,Luis Alberto Pérez Villar,Colombia 2 Div,6.683333333333334,6
1469527,Rafael Soares,Paulista A2,6.683333333333334,12
1465574,Juan Farías,Colombia 2 Div,6.68,5
1631271,Kauê Leonardo,Paulista A2,6.678571428571429,14
1588093,Jhonatas da Silva Carvalho,Paulista A2,6.677777777777778,9
1904861,José Ordoñez,Colombia 2 Div,6.675,8
1836778,Kauan Guilherme,Carioca,6.671428571428572,7
1653106,Santiago Rey Castellanos,Colombia 2 Div,6.671428571428572,7
1906067,Juan David Guillen Sánchez,Colombia 2 Div,6.671428571428572,7
2455160,Santiago Saavedra,Colombia 2 Div,6.666666666666667,6
1901823,Erik Preciado Montano,Colombia 2 Div,6.6625,8
2441835,Jaider Moreno Sinisterra,Colombia 2 Div,6.6625,8
1808388,Fabian Villa,Colombia 2 Div,6.6571428571428575,7
2025395,Daniel Zavoli,Carioca,6.65,2
2454208,Paulo Henrique,Carioca,6.65,2
1906061,Juan David Ruiz Córdoba,Colombia 2 Div,6.65,8
1112484,Kaiki,Mineiro,6.65,8
1588718,Luiz Gustavo Marques Santos,Paulista A2,6.6499999999999995,6
2054937,Juan Arboleda,Colombia 2 Div,6.6499999999999995,6
1463563,Matheus Julião,Carioca,6.644444444444444,9
2166888,Didi,Paulista A2,6.641666666666667,12
1099163,Mateo Ponte,Carioca,6.640000000000001,5
1819690,Fabiano,Paranaense,6.6375,8
2032549,Hugo Costa Saramella,Paulista A2,6.633333333333333,6
1482348,Juan Esteban Sanchez,Colombia 2 Div,6.633333333333333,6
1526993,Mateus Cantarelli Gall,Paulista A2,6.630769230769231,13
1589491,Arthur Nether Schiling,Paulista A2,6.625,4
2067560,Abner Eduardo Ramos dos Santos,Paulista A2,6.625,4
1900297,Leonel Ancisar Obregón Barreiro,Colombia 2 Div,6.616666666666667,6
1631702,Clayton Cleydson da Silva Nascimento,Paulista A2,6.615384615384615,13
2044330,Iago,Carioca,6.614285714285714,7
2026450,Guilherme da Silva Ramos,Paulista A2,6.614285714285714,7
2125649,Caio Garcez,Paulista A2,6.614285714285714,7
1809337,Jhonier Julio,Colombia 2 Div,6.614285714285714,7
1587911,Gabriel Razera,Paulista A2,6.611111111111111,9
2027888,Leonardo Gasco Silva Suzano,Paulista A2,6.6,2
1589470,Gabriel dos Santos,Paulista A2,6.6,1
1170771,Keven Vinícius,Paulista A2,6.5928571428571425,14
2152412,Jhon Mario Cortes Balanta,Colombia 2 Div,6.5875,8
1494695,Nathan Fernandes,Carioca,6.5875,8
1647596,Pedro Estevam,Paulista A2,6.585714285714286,7
1470430,Sony Anderson Cunha da Silva,Paulista A2,6.584615384615384,13
1637301,Sergio Henrique Favarin,Paulista A2,6.578571428571429,14
1836636,Tavinho,Paulista A1,6.57,10
1189875,Pedro Henrique da Rosa,Paulista A2,6.566666666666666,9
1589813,Luiz Eduardo da Silva Rocha,Paulista A2,6.566666666666666,3
2441820,Oscar Daniel Surmay Vasquez,Colombia 2 Div,6.566666666666666,3
1902425,Alex Santiago Segura Silva,Colombia 2 Div,6.557142857142857,7
1994982,Enmanuel Arrechea,Colombia 2 Div,6.557142857142857,7
2030576,Juninho,Paranaense,6.550000000000001,2
1184837,Gustavo,Paulista A2,6.550000000000001,2
1800730,Jafe Perez,Colombia 2 Div,6.55,8
1902016,Hanser Angulo,Colombia 2 Div,6.55,6
2053560,Oliver,Carioca,6.544444444444444,9
2164876,Juan Perdomo,Colombia 2 Div,6.5375,8
1174853,Jhon Velez,Colombia 2 Div,6.533333333333334,6
1909790,William Mosquera Borja,Colombia 2 Div,6.533333333333334,3
2057321,Victor Lasso,Colombia 2 Div,6.533333333333334,3
1545982,Davi Castro,Paulista A2,6.533333333333333,9
1589937,Wallace Camilo,Carioca,6.528571428571429,7
2080409,Cláudio Gustavo,Paulista A2,6.5249999999999995,12
1587895,Villian Guilherme Gonçalves Vieira,Paulista A2,6.5200000000000005,10
1478327,Junior Garcia Yusty,Colombia 2 Div,6.5200000000000005,5
2076799,Luis Ceballos,Colombia 2 Div,6.5200000000000005,5
1637090,Guilherme Ferezin Guimaraes,Paulista A2,6.516666666666667,6
1175086,Rionner Fruto,Colombia 2 Div,6.516666666666667,6
1122552,Alan Minda,Mineiro,6.5,4
1633967,Jean Vianna de Matos,Carioca,6.5,9
1485595,Willian Chumbinho,Paranaense,6.5,4
1857051,Arthur Novaes,Carioca,6.5,5
2155474,Mamady Cissé,Mineiro,6.5,5
2171946,Emmanuel de Andrade  Egydio de Souza,Paulista A2,6.49,10
2002808,Zé Pagliarini,Paulista A2,6.49,10
1631569,Kauê Muniz Nunes,Paulista A2,6.483333333333333,6
2443995,Bernardo,Carioca,6.4799999999999995,5
1906069,Edwin Alexander Martínez González,Colombia 2 Div,6.4750000000000005,8
1913838,Yeison Alejandro Castillo Caicedo,Colombia 2 Div,6.475,4
2442978,Adriano,Carioca,6.475,4
2452184,Johan Parra,Colombia 2 Div,6.471428571428571,7
2165058,Johan sebastian Alegria lopez,Colombia 2 Div,6.459999999999999,5
1831288,Edmilson Herazo,Colombia 2 Div,6.457142857142857,7
1906108,Jhonier David Zárante Bello,Colombia 2 Div,6.433333333333334,6
1587824,Fubá,Carioca,6.428571428571429,7
1902548,Maicol  Sequeda Arroyo,Colombia 2 Div,6.4,1
2452200,Javier Eder Torres,Colombia 2 Div,6.4,4
1467773,Gustavo Lacerda,Paulista A2,6.3999999999999995,7
2426302,Glaucon,Paulista A2,6.375,4
2420828,Fabio  Santos Nascimento,Paulista A2,6.375,8
2039648,Jean Paul Angulo Quiñonez,Colombia 2 Div,6.366666666666667,3
1807595,Michell Perez,Colombia 2 Div,6.3428571428571425,7
2454247,Magrão,Carioca,6.3,1
2026934,Leonardo Souza de Oliveira,Paulista A2,6.3,1
2428433,Arthur Izaque,Carioca,6.283333333333334,6
1902433,Néstor Camilo Durán Rueda,Colombia 2 Div,6.279999999999999,5
2033845,Daniel Bolt,Paulista A2,6.199999999999999,2
2463605,Cauã Mendes,Carioca,6.166666666666667,3
1637198,Flavio dos Reis Frazão,Paulista A2,6.15,2
1799269,Cauã Coutinho,Carioca,6.1499999999999995,6
2185481,Marquinhos,Carioca,6.0,4
1631591,Matheus Henrique Rocha,Paulista A2,5.8,1
