player_id,player_name,team_name,liga,birth_year,date_of_birth,rating_promedio,partidos_total
1470164,Diego Coser,Unknown,Gaúcho,2005,22/08/2005,7.7,1
1459788,Chiqueti,Unknown,Paranaense,2005,02/09/2005,7.7,8
1632363,Lucas Rodrigues Marques,Unknown,Paulista A2,2004,06/03/2004,7.7,1
1647753,Didier Palacios,Unknown,Colombia 2 Div,2004,03/06/2004,7.65,2
2026385,Juan Pablo,Unknown,Paulista A2,2005,11/06/2005,7.6499999999999995,6
1647585,Iago Silva,Unknown,Carioca,2005,18/04/2005,7.633333333333333,3
1485226,João Cruz,Unknown,Paranaense,2006,12/05/2006,7.5,7
2440287,Mateus,Unknown,Mineiro,2005,21/09/2005,7.5,1
1906041,Andrés Lorenzo Carreño Zambrano,Unknown,Colombia 2 Div,2003,05/05/2003,7.428571428571429,7
1895389,Luis Guedes,Unknown,Gaúcho,2008,16/01/2008,7.4,1
1633501,Arthur Gabriel,Unknown,Paulista A1,2005,04/09/2005,7.4,1
1836596,Gabriel Arrieta,Unknown,Colombia 2 Div,2006,14/01/2006,7.385714285714286,7
1172056,Lucas Ronier,Unknown,Paranaense,2004,26/11/2004,7.383333333333333,6
2039649,Kevin Andres Álvarez Carvajal,Unknown,Colombia 2 Div,2005,07/01/2005,7.3500000000000005,6
1485499,Rafael Barcelos,Unknown,Mineiro,2005,25/01/2005,7.3500000000000005,6
1411150,João Pedro Tchoca,Unknown,Paulista A1,2003,31/12/2003,7.333333333333333,3
2057300,Agner,Unknown,Carioca,2005,22/03/2005,7.300000000000001,2
1904871,Leyner David Palacios Cordoba,Unknown,Colombia 2 Div,2003,07/12/2003,7.283333333333334,6
2026435,Daniel Davi Simão Roque,Unknown,Paulista A2,2005,15/06/2005,7.266666666666667,15
1875994,Vinicius Peixoto,Unknown,Paranaense,2003,31/10/2003,7.25,8
1906188,Luis Eduardo Mena Padilla,Unknown,Colombia 2 Div,2005,09/01/2005,7.25,2
2048967,Didier Dawson,Unknown,Colombia 2 Div,2005,10/10/2005,7.233333333333333,6
1908165,Manuel Caicedo,Unknown,Colombia 2 Div,2004,20/01/2004,7.220000000000001,5
1002528,Patryck,Unknown,Gaúcho,2003,18/01/2003,7.214285714285714,7
2063705,Kauê Furquim,Unknown,Baiano,2009,27/02/2009,7.214285714285714,7
1174174,Andrés Felipe Alfonso Ciprian,Unknown,Colombia 2 Div,2005,01/02/2005,7.2124999999999995,8
1907760,Viery,Unknown,Gaúcho,2005,01/01/2005,7.200000000000001,7
1482356,Lucas Camilo,Unknown,Carioca,2006,25/05/2006,7.2,2
2140769,Felipe,Unknown,Paranaense,2004,11/08/2004,7.2,1
1182233,Mateo Sanabria,Unknown,Baiano,2004,31/03/2004,7.2,4
1388644,Andrés Tovar,Unknown,Colombia 2 Div,2006,25/03/2006,7.199999999999999,2
1845365,Guilherme Aquino,Unknown,Paranaense,2004,13/01/2004,7.199999999999999,2
1645837,Maceió,Unknown,Paulista A1,2003,14/07/2003,7.199999999999999,9
2441838,Cristian Graciano Morales,Unknown,Colombia 2 Div,2003,13/05/2003,7.175,8
1466084,Wallace Yan,Unknown,Carioca,2005,08/02/2005,7.166666666666667,3
1589379,Fábio Soares,Unknown,Paulista A2,2004,03/12/2004,7.160000000000001,5
2125637,Vitinho,Unknown,Paranaense,2003,27/07/2003,7.154545454545455,11
1589311,Felipe Vieira,Unknown,Mineiro,2005,09/02/2005,7.15,2
1650770,Álvaro Montoro,Unknown,Carioca,2007,17/04/2007,7.140000000000001,5
1128850,Mycael,Unknown,Paranaense,2004,12/03/2004,7.133333333333333,6
2008383,Juan Alberto Sanchez,Unknown,Colombia 2 Div,2003,21/01/2003,7.1125,8
1645868,Guilherme Gomes,Unknown,Carioca,2006,02/02/2006,7.1000000000000005,3
1656036,Gabriel Bontempo,Unknown,Paulista A1,2005,16/01/2005,7.1000000000000005,3
1463339,Juninho,Unknown,Paulista A2,2004,15/06/2004,7.1000000000000005,14
1174770,Rodriguinho,Unknown,Mineiro,2003,05/06/2003,7.1,2
1586439,Marcos Maia,Unknown,Paranaense,2006,23/06/2006,7.1,2
2087280,Dani Jose Ferrer,Unknown,Colombia 2 Div,2006,12/11/2006,7.1,1
1831399,Nilzo Ramírez,Unknown,Colombia 2 Div,2005,03/05/2005,7.1,5
1414729,Jhon Lerma,Unknown,Colombia 2 Div,2003,01/01/2003,7.1,7
1845395,Carlos Miguel Dias da Silva,Unknown,Mineiro,2005,16/09/2005,7.1,1
1587832,Lucas Soares Stefanello,Unknown,Paulista A2,2005,16/02/2005,7.1,10
1937606,Guilherme Lopes,Unknown,Paranaense,2004,02/04/2004,7.1,1
1464965,Roger,Unknown,Paulista A2,2004,18/02/2004,7.075,4
1191278,Robert Renan,Unknown,Carioca,2003,11/10/2003,7.075,8
1592238,Yago Lincoln,Unknown,Paranaense,2003,30/01/2003,7.066666666666666,12
1588928,Marcelo Cauã de Aguiar Alves,Unknown,Mineiro,2003,10/06/2003,7.06,10
1507616,Pedro Morisco,Unknown,Paranaense,2004,10/01/2004,7.06,5
1189442,Emanuel Jesus dos Santos,Unknown,Carioca,2004,31/01/2004,7.06,5
1633616,Ruan Pablo,Unknown,Baiano,2008,22/07/2008,7.06,5
1902547,Tomás Andrés Díaz Carabali,Unknown,Colombia 2 Div,2005,25/09/2005,7.057142857142857,7
1476894,José Guilherme,Unknown,Baiano,2005,16/03/2005,7.05,4
1941312,Gilberto Junior,Unknown,Paranaense,2005,27/03/2005,7.044444444444444,9
1899911,Samuel  Flórez,Unknown,Colombia 2 Div,2006,06/02/2006,7.0375,8
2028749,Henrique Lôvo Teles,Unknown,Paulista A1,2006,06/09/2006,7.033333333333334,3
1112896,Ignacio Sosa,Unknown,Paulista A1,2003,31/08/2003,7.033333333333333,9
2436878,Bruno Braga Ramos,Unknown,Paranaense,2008,16/08/2008,7.029999999999999,10
1150391,Vitor Roque,Unknown,Paulista A1,2005,28/02/2005,7.029999999999999,10
1906056,Javier Arturo Ortíz Fernández,Unknown,Colombia 2 Div,2004,16/04/2004,7.028571428571429,7
1588163,Renan Cosenza,Unknown,Paranaense,2004,21/11/2004,7.025,4
1887796,Kauã Prates,Unknown,Mineiro,2008,11/08/2008,7.025,4
1137867,Alejandro Aguilar,Unknown,Colombia 2 Div,2004,24/07/2004,7.0249999999999995,8
1841330,Pablo Santos,Unknown,Baiano,2003,03/08/2003,7.016666666666667,6
1478279,Daniel Marmolejo,Unknown,Colombia 2 Div,2004,20/02/2004,7.0125,8
1427847,Dilan Tapia,Unknown,Colombia 2 Div,2003,01/05/2003,7.0,3
2033952,Renan Araujo,Unknown,Paulista A1,2003,07/03/2003,7.0,1
2440201,Alemão,Unknown,Paulista A1,2007,02/09/2007,7.0,3
2032806,Davi Gomes,Unknown,Paulista A1,2005,06/06/2005,7.0,3
2027869,Crysthyan Lucas Da Silva Rocha,Unknown,Paranaense,2005,13/01/2005,7.0,2
1476558,Dantas,Unknown,Paulista A1,2004,25/07/2004,7.0,10
1899908,Philippe Oviedo,Unknown,Colombia 2 Div,2007,30/10/2007,7.0,7
1906181,Freddy Enrique Molina Salcedo,Unknown,Colombia 2 Div,2004,01/01/2004,7.0,7
1485191,Allex,Unknown,Gaúcho,2006,04/05/2006,7.0,10
1469515,Hygor,Unknown,Paranaense,2004,17/04/2004,7.0,5
1631268,Gabriel Justino,Unknown,Carioca,2006,16/04/2006,7.0,6
1654460,Jhojan Amaya,Unknown,Colombia 2 Div,2006,01/04/2006,7.0,7
1906183,Carlos Yesid Restrepo Castillo,Unknown,Colombia 2 Div,2004,16/03/2004,6.9875,8
1829051,Duván Ruiz,Unknown,Colombia 2 Div,2003,14/05/2003,6.985714285714286,7
2052685,Darwin Torres,Unknown,Colombia 2 Div,2008,15/06/2008,6.983333333333333,6
1901814,Andres Ruíz,Unknown,Colombia 2 Div,2004,10/12/2004,6.983333333333333,6
1411181,Higuinho,Unknown,Baiano,2003,06/01/2003,6.983333333333333,6
1201949,Felipe Amaral,Unknown,Mineiro,2003,08/07/2003,6.9799999999999995,10
1507611,Jean Gabriel,Unknown,Paranaense,2003,15/02/2003,6.9799999999999995,5
1892689,Luis Miguel,Unknown,Baiano,2005,04/02/2005,6.9799999999999995,5
1385943,Kleiton Cuellar,Unknown,Colombia 2 Div,2004,26/02/2004,6.975,4
1174933,Sebastián Girado,Unknown,Colombia 2 Div,2004,11/08/2004,6.975,8
1490609,Bruno Cheron,Unknown,Paranaense,2004,17/01/2004,6.975,4
1855842,Santiago Mora,Unknown,Colombia 2 Div,2008,11/03/2008,6.966666666666666,3
1589317,Felipe Santana,Unknown,Paulista A2,2005,08/03/2005,6.959999999999999,5
1475280,Luis Renteria,Unknown,Colombia 2 Div,2005,27/11/2005,6.959999999999999,5
1587899,Matheus Santos Novaes,Unknown,Paulista A2,2004,17/03/2004,6.959999999999999,5
1478337,Luis Palacios,Unknown,Colombia 2 Div,2004,04/10/2004,6.957142857142857,7
1459623,Japa,Unknown,Mineiro,2004,02/01/2004,6.957142857142857,7
1808911,Santiago Agamez,Unknown,Colombia 2 Div,2005,14/03/2005,6.957142857142857,7
2041502,Carlos Jhoanny Gómez García,Unknown,Colombia 2 Div,2004,04/11/2004,6.957142857142857,7
1905722,Ary Garcia Lima,Unknown,Paranaense,2003,29/09/2003,6.957142857142857,7
1482431,Keny Arroyo,Unknown,Mineiro,2006,14/02/2006,6.95,8
1805515,Lucas Bueno Kosinski,Unknown,Paranaense,2004,01/07/2004,6.95,8
2027069,Amiston Lopes do Sousa Junior,Unknown,Paulista A2,2005,20/09/2005,6.95,2
1199473,Cadu,Unknown,Mineiro,2004,24/05/2004,6.95,2
1836073,Matheus Dias,Unknown,Paranaense,2007,09/08/2007,6.95,2
2231192,Mateus Jose Iseppe,Unknown,Mineiro,2006,02/05/2006,6.949999999999999,2
2075165,João Vitor Silva,Unknown,Carioca,2005,29/05/2005,6.949999999999999,2
1609538,Lucas Mazdiel Aruba Santos,Unknown,Paulista A2,2004,26/03/2004,6.944444444444445,9
2214562,Thierry Hanry Praxedes Conti,Unknown,Paulista A2,2007,13/06/2007,6.942857142857143,7
1067645,Luiz Guilherme,Unknown,Paulista A2,2004,19/03/2004,6.938461538461539,13
1170954,Victor Hugo,Unknown,Mineiro,2004,11/05/2004,6.9375,8
2461844,Mateo Valencia Gómez,Unknown,Colombia 2 Div,2004,10/01/2004,6.933333333333334,3
2027361,Filipi Gabriel Ferreira Januario,Unknown,Paulista A2,2007,03/04/2007,6.933333333333334,3
2446053,Vitinho,Unknown,Carioca,2007,14/06/2007,6.933333333333334,3
1907757,Roger,Unknown,Gaúcho,2008,29/04/2008,6.933333333333334,6
2039241,Vinicius Rodrigues Lira,Unknown,Paulista A1,2007,12/10/2007,6.933333333333334,6
1444694,Cauan Barros,Unknown,Carioca,2004,06/05/2004,6.928571428571429,7
2183867,Jesus Peñaloza,Unknown,Colombia 2 Div,2008,01/08/2008,6.928571428571429,7
1906122,Stiven Moreno,Unknown,Colombia 2 Div,2003,04/07/2003,6.928571428571429,7
1835889,Allan,Unknown,Paulista A1,2004,19/04/2004,6.927272727272728,11
1631803,Diogo Antônio,Unknown,Baiano,2005,06/10/2005,6.925000000000001,4
1647612,André Luiz,Unknown,Paulista A1,2006,20/06/2006,6.925,8
2451049,Samuel Barco Maturana,Unknown,Colombia 2 Div,2005,09/03/2005,6.925,4
1459625,Henrique Rodrigues,Unknown,Paulista A2,2003,22/02/2003,6.923076923076923,13
1589395,Thiago Montelo Pereira,Unknown,Paulista A2,2005,29/01/2005,6.921428571428572,14
2031382,Fredi Gomes,Unknown,Baiano,2006,23/05/2006,6.92,5
1176199,Válber Júnior,Unknown,Gaúcho,2003,11/04/2003,6.92,5
1807816,Román Gómez,Unknown,Baiano,2004,14/07/2004,6.92,5
1645851,Luiz Gustavo,Unknown,Paulista A2,2003,30/05/2003,6.92,10
2442336,Frey David Berrio Roqueme,Unknown,Colombia 2 Div,2007,02/02/2007,6.92,5
1843325,Kadu Santos,Unknown,Carioca,2005,16/08/2005,6.916666666666667,6
1145106,Evertton Araujo,Unknown,Carioca,2003,28/02/2003,6.916666666666667,6
1201151,José Mercado,Unknown,Colombia 2 Div,2003,21/08/2003,6.914285714285714,7
2042580,Alan Garcia,Unknown,Colombia 2 Div,2007,08/08/2007,6.914285714285714,7
2172102,Cristian Iguarán,Unknown,Colombia 2 Div,2005,12/06/2005,6.914285714285714,7
1170913,Marcos Paulo,Unknown,Gaúcho,2003,18/01/2003,6.914285714285714,7
1589381,Diogo Crispim,Unknown,Baiano,2003,13/02/2003,6.9125,8
1863782,Cauã Tavares Cruz,Unknown,Paranaense,2004,24/04/2004,6.9125,8
2050427,Dell,Unknown,Baiano,2008,09/06/2008,6.911111111111111,9
1146865,William Hurtado,Unknown,Colombia 2 Div,2004,31/05/2004,6.9,2
2126848,Kauã Cardoso da Silva,Unknown,Paulista A2,2008,18/06/2008,6.9,1
1634176,Felipe Santos,Unknown,Paulista A2,2005,21/10/2005,6.9,1
1863185,David Martins,Unknown,Baiano,2007,14/09/2007,6.9,8
1634061,Haruna Hassan,Unknown,Paranaense,2004,05/10/2004,6.9,5
1200730,Rodriguinho,Unknown,Paulista A1,2004,16/03/2004,6.9,2
1588320,Diogo Batista de Souza,Unknown,Paranaense,2003,29/08/2003,6.9,1
2175312,Ronald Rodallega,Unknown,Colombia 2 Div,2008,05/02/2008,6.9,1
1868799,Gustavo de Sousa Marques,Unknown,Baiano,2007,16/01/2007,6.9,1
2429936,Paulo Roberto,Unknown,Paranaense,2005,20/05/2005,6.9,2
2442382,Ivan Henrique,Unknown,Baiano,2006,29/06/2006,6.9,2
1652651,Edenilson,Unknown,Baiano,2005,17/06/2005,6.9,8
2159969,Michael Fashanu,Unknown,Carioca,2005,07/07/2005,6.9,2
1124329,Tiago Cóser,Unknown,Paranaense,2004,16/01/2004,6.9,5
2440197,Arthur Longatto,Unknown,Mineiro,2005,31/05/2005,6.9,1
2027868,Benjamin Arhin,Unknown,Gaúcho,2006,28/05/2006,6.8999999999999995,3
1516543,Igor França,Unknown,Carioca,2003,14/08/2003,6.8999999999999995,3
1901095,Carlos Andres  Franco Bustillo,Unknown,Colombia 2 Div,2004,18/01/2004,6.8999999999999995,7
2025513,Gean de Jesus Soares,Unknown,Baiano,2007,11/06/2007,6.8999999999999995,3
1464967,Ray,Unknown,Gaúcho,2004,31/08/2004,6.8999999999999995,3
1906097,Alejandro Jose Onate Zuniga,Unknown,Colombia 2 Div,2003,29/10/2003,6.887499999999999,8
2063961,Emanuel Londoño,Unknown,Colombia 2 Div,2005,18/10/2005,6.883333333333333,6
1590414,Paulo Amorim,Unknown,Paulista A2,2004,18/07/2004,6.881818181818182,11
1900286,Nawer Julia Vargas Hernández,Unknown,Colombia 2 Div,2004,05/11/2004,6.88,5
1130040,Lucas Belezi,Unknown,Paranaense,2003,08/05/2003,6.88,5
1589600,Jefferson,Unknown,Baiano,2003,30/09/2003,6.88,5
1618634,Freilin Moreno,Unknown,Colombia 2 Div,2005,06/04/2005,6.88,5
1066686,Jonathan Alecxander,Unknown,Paranaense,2003,12/02/2003,6.88,5
1587856,Lipe Gadol,Unknown,Paulista A2,2004,20/03/2004,6.877777777777777,9
2039310,Juan Jose Catano,Unknown,Colombia 2 Div,2008,21/05/2008,6.875,4
1587973,Luis Fernando Rossi Barreto,Unknown,Paulista A2,2003,07/04/2003,6.875,4
1524156,João Vitor Gomes Lopes,Unknown,Paulista A2,2003,22/11/2003,6.875,8
2057372,Brandon Mejía,Unknown,Colombia 2 Div,2006,03/01/2006,6.875,8
1173236,Guilherme Kayron,Unknown,Carioca,2003,14/01/2003,6.875,4
1199261,Breno Bidon,Unknown,Paulista A1,2005,20/02/2005,6.875,8
1904102,Jesús Rodríguez,Unknown,Colombia 2 Div,2006,26/02/2006,6.875,4
1977823,Harold Ortiz,Unknown,Colombia 2 Div,2004,11/03/2004,6.874999999999999,8
2126508,Luis Alejandro Rangel Hernández,Unknown,Colombia 2 Div,2003,03/02/2003,6.871428571428572,7
2025563,Marcão Ramos da Silva,Unknown,Paranaense,2004,26/09/2004,6.866666666666667,6
1485220,Gustavo Prado,Unknown,Gaúcho,2005,06/06/2005,6.866666666666667,3
1805108,Erick Zapata,Unknown,Colombia 2 Div,2006,25/04/2006,6.866666666666667,3
1839558,Kener González,Unknown,Colombia 2 Div,2005,05/10/2005,6.8625,8
1466463,Dyego,Unknown,Mineiro,2003,02/01/2003,6.8625,8
2031365,Gabriel William,Unknown,Paulista A2,2007,15/03/2007,6.859999999999999,5
1197424,Dixon Vera,Unknown,Mineiro,2003,06/04/2003,6.859999999999999,5
2044023,Eduardo Augusto de Oliveira,Unknown,Paulista A2,2007,01/04/2007,6.857142857142857,7
2444672,Enzo,Unknown,Paranaense,2006,28/07/2006,6.8500000000000005,4
1485293,Rafael Monteiro,Unknown,Paranaense,2004,14/02/2004,6.85,4
2112480,Paulo Roberto,Unknown,Baiano,2005,13/11/2005,6.85,2
1884803,Riquelme Felipe,Unknown,Carioca,2007,13/03/2007,6.85,2
1647579,Kaique Kenji,Unknown,Mineiro,2006,30/01/2006,6.85,4
988622,Matías Segovia,Unknown,Mineiro,2003,04/01/2003,6.85,4
1835894,Wendell dos Santos Sacramento,Unknown,Baiano,2005,31/08/2005,6.85,2
1647404,Gustavo Pereira,Unknown,Baiano,2005,04/07/2005,6.85,2
1113527,Julián Palacios,Unknown,Colombia 2 Div,2003,07/08/2003,6.85,4
1609919,Bernardo Valim,Unknown,Carioca,2006,30/01/2006,6.85,2
1589390,Thauan Willians,Unknown,Mineiro,2004,17/04/2004,6.844444444444445,9
1589422,Victor Araújo,Unknown,Mineiro,2004,11/02/2004,6.8428571428571425,7
1174856,Jesús Díaz,Unknown,Colombia 2 Div,2004,14/05/2004,6.8428571428571425,7
1046496,Ian Luccas,Unknown,Mineiro,2003,11/02/2003,6.840000000000001,5
2020421,Reidiner Cairú,Unknown,Paulista A2,2004,24/04/2004,6.838461538461539,13
2018803,Edwin Cabezas,Unknown,Colombia 2 Div,2005,27/04/2005,6.8375,8
1591024,Luiz Henrique Lima da Silva,Unknown,Mineiro,2003,24/03/2003,6.8375,8
1906021,Milton Yasert Andrade Morán,Unknown,Colombia 2 Div,2003,20/04/2003,6.8375,8
1464653,Abner,Unknown,Gaúcho,2004,19/04/2004,6.833333333333333,3
1474396,Erik do Nascimento,Unknown,Paulista A2,2005,18/04/2005,6.833333333333333,3
2452197,Johan Grisales Obando,Unknown,Colombia 2 Div,2004,13/08/2004,6.833333333333333,3
2443188,Vitor Mariano Severo,Unknown,Paulista A2,2005,29/01/2005,6.8307692307692305,13
1470929,João Ramos,Unknown,Paulista A2,2003,15/02/2003,6.8307692307692305,13
1634224,Marquinhos,Unknown,Paranaense,2005,29/04/2005,6.828571428571428,7
1899906,Miguel Agamez,Unknown,Colombia 2 Div,2009,15/05/2009,6.825,4
1587853,Fellipinho,Unknown,Carioca,2004,13/05/2004,6.825,8
1106499,Weverson,Unknown,Gaúcho,2003,11/08/2003,6.825,4
1478220,Jean Vallejo,Unknown,Colombia 2 Div,2003,13/03/2003,6.825,8
1633953,Hernandes,Unknown,Baiano,2005,11/03/2005,6.822222222222222,9
1485496,Paulinho,Unknown,Mineiro,2004,29/06/2004,6.822222222222222,9
1588712,Gabriel Augusto,Unknown,Mineiro,2004,25/05/2004,6.822222222222222,9
1804713,Lucas Marezi,Unknown,Paranaense,2006,18/01/2006,6.82,5
1482354,Dudu,Unknown,Paranaense,2006,01/01/2006,6.816666666666666,6
1499920,Lucas Cruz,Unknown,Carioca,2004,16/05/2004,6.816666666666666,12
1476943,Julián Rodríguez,Unknown,Colombia 2 Div,2003,02/05/2003,6.816666666666666,6
1589800,Lucas Alvim Vicente da Silva,Unknown,Paulista A2,2004,06/04/2004,6.8133333333333335,15
1465466,Felipe Vieira Dias,Unknown,Paranaense,2003,01/08/2003,6.8125,8
2045720,Wallace,Unknown,Mineiro,2004,24/09/2004,6.8125,8
2042121,Didier Fabián Henao Beitar,Unknown,Colombia 2 Div,2008,09/03/2008,6.8125,8
1546702,Allan Passos dos Santos,Unknown,Paulista A2,2004,11/06/2004,6.800000000000001,13
1900285,Santiago Hoyos Quinayas,Unknown,Colombia 2 Div,2004,24/09/2004,6.8,2
1906109,Jhoan Alberto Pinto Gámez,Unknown,Colombia 2 Div,2005,22/07/2005,6.8,2
1125086,Yago Santos,Unknown,Mineiro,2003,03/04/2003,6.8,3
2171827,Juan Sebastián Ramírez,Unknown,Colombia 2 Div,2005,02/07/2005,6.8,4
2045286,Hiago Lucas,Unknown,Gaúcho,2006,04/01/2006,6.8,1
1485272,Felipe Longo,Unknown,Paulista A1,2005,05/03/2005,6.8,1
1148441,Matheus Nunes,Unknown,Gaúcho,2003,05/05/2003,6.8,3
1631654,Marlon Santos,Unknown,Gaúcho,2005,11/01/2005,6.8,1
1634572,Jhonatan Garcia da Silva,Unknown,Paulista A2,2004,14/02/2004,6.8,3
1631905,Paulo Sérgio,Unknown,Paulista A1,2005,17/05/2005,6.8,1
1632360,Cauê Nascimento Santos,Unknown,Paulista A1,2006,13/12/2006,6.8,4
2010540,Tiaguinho,Unknown,Gaúcho,2008,02/02/2008,6.8,4
1174884,Deivi Barrios,Unknown,Colombia 2 Div,2004,30/03/2004,6.8,8
2048018,Juan Pablo García Habib,Unknown,Colombia 2 Div,2005,18/05/2005,6.8,7
2464432,Juan Jeronimo Alba Quintero,Unknown,Colombia 2 Div,2005,23/04/2005,6.8,3
1388936,Johan Muñoz,Unknown,Colombia 2 Div,2004,22/07/2004,6.8,3
1633529,Breno Eduardo Liborge,Unknown,Baiano,2004,02/06/2004,6.8,1
1485603,Marcelinho Braz,Unknown,Paulista A1,2004,16/08/2004,6.8,3
2014149,Vinícius Amaral,Unknown,Gaúcho,2003,14/03/2003,6.8,1
2025559,Nicolas Viana da Cruz,Unknown,Paulista A2,2006,09/03/2006,6.8,9
1588706,Miguel Gonçalves Ribeiro,Unknown,Paulista A2,2005,28/11/2005,6.788888888888889,9
2042381,Juan Camilo Cuero,Unknown,Colombia 2 Div,2008,18/11/2008,6.785714285714286,7
1463904,Gustavo Neves,Unknown,Paulista A1,2004,23/04/2004,6.785714285714286,7
1804674,Elkin Muñoz,Unknown,Paulista A2,2005,29/06/2005,6.7846153846153845,13
1175763,Jairo Junior Ditta Ruiz,Unknown,Colombia 2 Div,2003,31/12/2003,6.779999999999999,5
1834741,Bruno Alberto dos Santos,Unknown,Paulista A2,2005,30/08/2005,6.776923076923077,13
2036751,Welington Zarú,Unknown,Carioca,2004,18/10/2004,6.775,4
1901813,Luis Gómez,Unknown,Colombia 2 Div,2004,27/04/2004,6.775,8
1631398,Matheus Galdino Silva,Unknown,Mineiro,2005,03/03/2005,6.775,8
1922592,Joao Victor,Unknown,Gaúcho,2007,27/07/2007,6.771428571428571,7
1902546,Kevin David Hurtado Rivas,Unknown,Colombia 2 Div,2005,28/06/2005,6.771428571428571,7
1146875,Ronaldo Royero,Unknown,Colombia 2 Div,2004,11/10/2004,6.771428571428571,7
1883287,Caio Joshua,Unknown,Carioca,2007,25/05/2007,6.766666666666667,3
1106779,Matheus Martins,Unknown,Carioca,2003,16/07/2003,6.766666666666667,6
1634135,Ibson,Unknown,Paranaense,2004,17/03/2004,6.766666666666667,6
2028289,Caio Valle,Unknown,Carioca,2007,11/10/2007,6.766666666666667,6
1386047,Jean Carlos,Unknown,Paulista A2,2004,08/02/2004,6.763636363636365,11
1400331,João Tavares,Unknown,Paranaense,2004,23/02/2004,6.76,10
1628438,Alexander Carabalí,Unknown,Colombia 2 Div,2004,22/05/2004,6.76,5
1587979,Lawan,Unknown,Baiano,2005,25/05/2005,6.76,5
1148453,Filipe Claudino,Unknown,Carioca,2003,12/10/2003,6.76,5
2167687,Eriky Flávio Nascimento Vieira,Unknown,Paranaense,2005,11/07/2005,6.757142857142857,7
1708464,Iruan Lima Soares,Unknown,Paranaense,2003,23/12/2003,6.757142857142857,7
1633871,Claudinho,Unknown,Paranaense,2005,26/10/2005,6.757142857142857,7
1485488,Yago Souza,Unknown,Mineiro,2006,11/02/2006,6.7555555555555555,9
1805526,Matheus Ploszaj Araujo,Unknown,Paranaense,2005,22/10/2005,6.75,4
1652635,Felipe Cardoso,Unknown,Baiano,2003,04/03/2003,6.75,2
995288,Kauã,Unknown,Paulista A1,2003,02/09/2003,6.75,4
1906075,Juan Camilo Romero Ternera,Unknown,Colombia 2 Div,2005,15/06/2005,6.75,2
2113985,Oscar Vivas,Unknown,Colombia 2 Div,2005,26/11/2005,6.75,6
2122404,Sandro,Unknown,Baiano,2005,02/03/2005,6.75,6
1179171,José Herrera,Unknown,Paulista A1,2003,16/04/2003,6.75,4
1393308,Rubén Lezcano,Unknown,Carioca,2004,09/02/2004,6.75,2
1859736,Javier Villamil,Unknown,Colombia 2 Div,2005,16/02/2005,6.75,2
1899900,Sebastián Andrés Caballero Sarmiento,Unknown,Colombia 2 Div,2006,12/02/2006,6.75,2
1388634,Rubio España,Unknown,Colombia 2 Div,2004,11/01/2004,6.75,6
1214719,Antonio David Souza,Unknown,Paulista A2,2004,08/02/2004,6.745454545454546,11
1122737,Joaquín Lavega,Unknown,Paranaense,2005,03/02/2005,6.742857142857143,7
1906081,Leider Montaño,Unknown,Colombia 2 Div,2004,11/04/2004,6.74,5
1906127,Kevin Estiven Mosquera Urrutia,Unknown,Colombia 2 Div,2004,07/04/2004,6.74,5
2029365,Luan Andrey Da Silva Duarte,Unknown,Paulista A2,2006,04/08/2006,6.74,5
2025584,Carlos André,Unknown,Paulista A2,2006,19/10/2006,6.74,10
1199393,Caio Rafael,Unknown,Paulista A2,2004,14/06/2004,6.738461538461538,13
1871926,Yeiler Banguero,Unknown,Colombia 2 Div,2004,28/05/2004,6.7375,8
1615047,Jhon Barreiro,Unknown,Colombia 2 Div,2005,24/06/2005,6.7375,8
1177364,Berê,Unknown,Carioca,2003,17/03/2003,6.7375,8
1902549,José David Montes Flórez,Unknown,Colombia 2 Div,2004,04/12/2004,6.733333333333333,6
2040078,Eli Junior,Unknown,Paranaense,2004,23/03/2004,6.733333333333333,6
1485471,Eduardo Freire,Unknown,Mineiro,2004,25/05/2004,6.733333333333333,3
2214985,Everton de Aquino Felipe,Unknown,Baiano,2005,07/11/2005,6.733333333333333,3
1177384,André Dhominique,Unknown,Paranaense,2003,07/10/2003,6.733333333333333,3
2162243,Lucca,Unknown,Paulista A1,2007,14/06/2007,6.733333333333333,6
1871902,Felipe Guimarães,Unknown,Paranaense,2004,08/04/2004,6.733333333333333,6
1864296,Vitor Gonçalves Tissi,Unknown,Paranaense,2007,22/04/2007,6.733333333333333,3
1807866,"Gustavo Silva do Espirito Santo ""Tapioca""",Unknown,Paranaense,2006,04/07/2006,6.733333333333333,6
1159656,Miguelito,Unknown,Paulista A1,2004,25/04/2004,6.728571428571429,7
1510221,José Carlos,Unknown,Paulista A2,2004,09/01/2004,6.728571428571429,7
1631240,Sorriso,Unknown,Paranaense,2006,15/04/2006,6.728571428571429,7
1635772,Diogo Riquelme,Unknown,Paranaense,2005,23/04/2005,6.728571428571429,7
1589672,Daniel Nunes,Unknown,Carioca,2003,24/05/2003,6.7250000000000005,12
1411152,Kayke Ferrari,Unknown,Paulista A1,2004,28/04/2004,6.725,4
1645835,Denis,Unknown,Paulista A1,2004,08/01/2004,6.725,4
1177404,Facundo Bernal,Unknown,Carioca,2003,21/08/2003,6.725,4
1650031,Kauan Lindes,Unknown,Mineiro,2003,28/11/2003,6.725,8
1800319,João Vitor Oliveira,Unknown,Mineiro,2003,08/12/2003,6.722222222222222,9
1831389,Sergio Díaz,Unknown,Colombia 2 Div,2005,13/05/2005,6.720000000000001,5
2450986,Hector Manuel Long Mejia,Unknown,Colombia 2 Div,2006,24/03/2006,6.720000000000001,5
2452201,Jhon Alexander Riascos Cuero,Unknown,Colombia 2 Div,2009,17/04/2009,6.716666666666666,6
1106586,Garis Mina,Unknown,Paulista A2,2003,20/08/2003,6.716666666666666,6
1488519,Kauã da Silva,Unknown,Paulista A2,2003,06/07/2003,6.7153846153846155,13
1463112,Henrique Torelli,Unknown,Paulista A2,2004,13/05/2004,6.7153846153846155,13
1899902,Jordan Barrera,Unknown,Carioca,2006,11/04/2006,6.714285714285714,7
1906080,Jorge Enrique Pérez Bohórquez,Unknown,Colombia 2 Div,2006,13/10/2006,6.714285714285714,7
1587965,Vinicinho,Unknown,Paulista A1,2004,20/02/2004,6.714285714285714,7
1588628,Victor Silva dos Reis,Unknown,Paulista A2,2004,06/04/2004,6.7125,8
1644830,Renê Sousa,Unknown,Paulista A1,2003,07/10/2003,6.7124999999999995,8
1587938,Mateus Peloggia,Unknown,Mineiro,2003,19/05/2003,6.711111111111111,9
1830597,Gustavo Nunes Migueis,Unknown,Paulista A2,2005,22/04/2005,6.709090909090909,11
1589352,Cauê Raphael de Souza Soares,Unknown,Paulista A2,2004,26/04/2004,6.708333333333333,12
1388637,Tomás Soto,Unknown,Colombia 2 Div,2004,12/10/2004,6.7,3
1906084,Heyder De Arco,Unknown,Colombia 2 Div,2005,03/07/2005,6.7,3
1465984,Daniel Zapata,Unknown,Colombia 2 Div,2003,14/12/2003,6.7,1
1830626,Kewen,Unknown,Paulista A1,2005,07/01/2005,6.7,4
2442343,Guilherme Inácio Cavalcante da Silva,Unknown,Baiano,2008,14/04/2008,6.7,1
1884646,Luis Pacheco,Unknown,Paulista A1,2008,02/02/2008,6.7,3
1609546,Fabrício Simões de Araujo,Unknown,Baiano,2003,20/06/2003,6.7,8
1895377,Gabriel Mec,Unknown,Gaúcho,2008,11/04/2008,6.7,6
2451713,Juan Camilo Quiñones Cuellar,Unknown,Colombia 2 Div,2005,14/09/2005,6.7,6
1106603,Agustín Giay,Unknown,Paulista A1,2004,16/01/2004,6.7,5
2125636,Juan Quejada,Unknown,Colombia 2 Div,2006,27/09/2006,6.7,3
2026368,Yuri Farias,Unknown,Gaúcho,2004,18/03/2004,6.7,5
1836052,Vitinho,Unknown,Mineiro,2004,18/02/2004,6.7,2
1589436,Pedro Henrique,Unknown,Mineiro,2003,09/12/2003,6.7,8
1802559,Thiago Azaf,Unknown,Paranaense,2007,14/01/2007,6.7,2
2027099,Henrique Miranda Quixabeira,Unknown,Paulista A2,2006,16/02/2006,6.7,4
1883366,Wanderson Junior de Souza,Unknown,Carioca,2007,17/10/2007,6.7,1
1631679,Davi Duarte,Unknown,Carioca,2004,26/04/2004,6.7,1
1856349,Pedro Cantarin Carrijo,Unknown,Carioca,2008,11/04/2008,6.7,1
1106487,Victor Gabriel,Unknown,Gaúcho,2004,28/04/2004,6.7,6
2033906,Cauã Medeiros Araujo,Unknown,Mineiro,2004,20/10/2004,6.7,1
2027073,Cleber Gomes  Castanho Junior,Unknown,Paulista A2,2006,09/05/2006,6.7,5
2032838,Pablo,Unknown,Gaúcho,2006,01/07/2006,6.7,1
1647577,Nicolas Pontes,Unknown,Mineiro,2006,14/01/2006,6.7,2
2036003,Ghíven,Unknown,Gaúcho,2004,07/04/2004,6.7,1
1587971,Kauan Toledo,Unknown,Carioca,2006,15/04/2006,6.7,4
1835793,Yago Noal,Unknown,Gaúcho,2007,05/02/2007,6.699999999999999,2
1631901,Brian Carvalho,Unknown,Paranaense,2003,12/03/2003,6.699999999999999,2
1174857,Humberto García Redondo,Unknown,Colombia 2 Div,2004,30/04/2004,6.699999999999999,2
1888135,Kauan Moreira da Silva Rogerio,Unknown,Paulista A2,2007,12/11/2007,6.699999999999999,2
2184988,Fabinho Nascimento,Unknown,Paulista A2,2004,18/06/2004,6.699999999999999,2
1589178,Kauhe Florentino Galdino,Unknown,Paranaense,2005,09/09/2005,6.699999999999999,4
1891529,Favero,Unknown,Paulista A2,2003,16/06/2003,6.688888888888889,9
1502080,Pedro Arthur,Unknown,Mineiro,2003,11/01/2003,6.6875,8
1916131,Dieguinho,Unknown,Paulista A1,2007,16/09/2007,6.685714285714285,7
1047176,Dioran,Unknown,Paranaense,2003,03/03/2003,6.685714285714285,7
1469527,Rafael Soares,Unknown,Paulista A2,2004,27/12/2004,6.683333333333334,12
1906133,Luis Alberto Pérez Villar,Unknown,Colombia 2 Div,2003,25/04/2003,6.683333333333334,6
1597267,Luighi Hanri,Unknown,Paulista A1,2006,30/04/2006,6.683333333333334,6
1651675,Diego Galo,Unknown,Paulista A1,2005,04/09/2005,6.683333333333334,6
1465574,Juan Farías,Unknown,Colombia 2 Div,2003,04/10/2003,6.68,5
2025531,Wanderson Papaterra Matos,Unknown,Baiano,2005,27/07/2005,6.68,5
1631906,Kauan de Jesus Santos,Unknown,Baiano,2005,21/02/2005,6.68,5
1896090,José Breno,Unknown,Baiano,2004,06/06/2004,6.68,5
1631271,Kauê Leonardo,Unknown,Paulista A2,2005,11/04/2005,6.678571428571429,14
1588093,Jhonatas da Silva Carvalho,Unknown,Paulista A2,2004,12/11/2004,6.677777777777778,9
1808042,Alexandre Pena,Unknown,Mineiro,2005,21/02/2005,6.677777777777778,9
1483339,Matheus Reis,Unknown,Carioca,2007,02/04/2007,6.675,4
1904861,José Ordoñez,Unknown,Colombia 2 Div,2004,29/03/2004,6.675,8
1883297,Douglas Costa Telles,Unknown,Carioca,2007,01/06/2007,6.675,4
2029380,Gustavo Sciencia,Unknown,Paulista A1,2004,01/01/2004,6.675,4
1653106,Santiago Rey Castellanos,Unknown,Colombia 2 Div,2004,10/09/2004,6.671428571428572,7
1836778,Kauan Guilherme,Unknown,Carioca,2005,05/01/2005,6.671428571428572,7
1906067,Juan David Guillen Sánchez,Unknown,Colombia 2 Div,2006,16/01/2006,6.671428571428572,7
2031651,Pablo Lucio,Unknown,Carioca,2007,01/04/2007,6.666666666666667,3
2455160,Santiago Saavedra,Unknown,Colombia 2 Div,2007,01/01/2007,6.666666666666667,6
1641124,JP,Unknown,Carioca,2005,19/04/2005,6.666666666666667,3
1804703,Gustavo Walisson,Unknown,Gaúcho,2005,10/06/2005,6.666666666666667,3
1116665,Jefté,Unknown,Paulista A1,2003,21/12/2003,6.666666666666667,3
1485601,Iba Ly,Unknown,Gaúcho,2003,22/01/2003,6.666666666666667,6
1901823,Erik Preciado Montano,Unknown,Colombia 2 Div,2004,25/01/2004,6.6625,8
2441835,Jaider Moreno Sinisterra,Unknown,Colombia 2 Div,2004,10/05/2004,6.6625,8
1466780,Denilson,Unknown,Paulista A2,2003,26/07/2003,6.659999999999999,5
2030554,Isaías Pereira,Unknown,Carioca,2004,30/10/2004,6.659999999999999,5
1634148,Luiz Gustavo,Unknown,Baiano,2006,12/04/2006,6.659999999999999,5
1587834,Vinicius Poz Villas Boas,Unknown,Paulista A2,2003,12/03/2003,6.659999999999999,10
1808388,Fabian Villa,Unknown,Colombia 2 Div,2005,20/06/2005,6.6571428571428575,7
2441803,Antoni César dos Santos de Jesus,Unknown,Baiano,2004,01/10/2004,6.6571428571428575,7
1631466,Sidney,Unknown,Baiano,2007,17/09/2007,6.65,2
1802226,Eduardo Franzon Mosconi,Unknown,Paranaense,2007,19/06/2007,6.65,2
2440990,Kaio Nóbrega,Unknown,Carioca,2007,05/04/2007,6.65,2
1112484,Kaiki,Unknown,Mineiro,2003,08/03/2003,6.65,8
1631857,Gabriel Rosa Lyra,Unknown,Paranaense,2004,21/03/2004,6.65,4
1631995,Pedro Balotelli,Unknown,Mineiro,2005,15/01/2005,6.65,2
2025395,Daniel Zavoli,Unknown,Carioca,2006,12/01/2006,6.65,2
1906061,Juan David Ruiz Córdoba,Unknown,Colombia 2 Div,2005,18/05/2005,6.65,8
1467876,Hugo Iglesias,Unknown,Carioca,2003,18/07/2003,6.65,2
1807840,Danilo Henrique Souza Silva,Unknown,Paranaense,2004,18/08/2004,6.65,2
2454208,Paulo Henrique,Unknown,Carioca,2004,22/10/2004,6.65,2
1539599,Néiser Villarreal,Unknown,Mineiro,2005,24/04/2005,6.65,4
1860952,Jhonatan Lima,Unknown,Mineiro,2005,02/06/2005,6.65,4
1631456,Marcinho,Unknown,Baiano,2003,29/04/2003,6.65,4
2440894,Juan,Unknown,Paulista A1,2006,11/03/2006,6.65,2
2054937,Juan Arboleda,Unknown,Colombia 2 Div,2005,28/08/2005,6.6499999999999995,6
1498670,Jonathan Jesus,Unknown,Mineiro,2004,27/05/2004,6.6499999999999995,6
1588718,Luiz Gustavo Marques Santos,Unknown,Paulista A2,2004,22/11/2004,6.6499999999999995,6
2441802,Miquéias Dos Santos Alves,Unknown,Baiano,2005,07/12/2005,6.6499999999999995,6
2025924,Geo,Unknown,Baiano,2003,21/11/2003,6.644444444444444,9
1463563,Matheus Julião,Unknown,Carioca,2003,10/04/2003,6.644444444444444,9
2441804,Ivisson Ian Pita Conceição,Unknown,Baiano,2005,19/09/2005,6.644444444444444,9
1485225,Jhonatan Kauan,Unknown,Mineiro,2004,23/08/2004,6.642857142857143,7
2166888,Didi,Unknown,Paulista A2,2006,03/01/2006,6.641666666666667,12
1120766,Mateus Cecchini Muller,Unknown,Paulista A1,2003,25/02/2003,6.640000000000001,5
1200993,Jota,Unknown,Baiano,2004,06/02/2004,6.640000000000001,5
1099163,Mateo Ponte,Unknown,Carioca,2003,24/05/2003,6.640000000000001,5
2060245,Denzel,Unknown,Mineiro,2003,18/08/2003,6.640000000000001,5
2436630,Vanderlei Kauã Alves Freire,Unknown,Paranaense,2004,16/10/2004,6.640000000000001,5
1819690,Fabiano,Unknown,Paranaense,2005,11/06/2005,6.6375,8
2030643,Marlon Almeida,Unknown,Baiano,2005,17/03/2005,6.633333333333334,9
2037793,Ryan Santos,Unknown,Paulista A2,2006,07/08/2006,6.633333333333333,3
1807776,Yarlen,Unknown,Mineiro,2006,20/02/2006,6.633333333333333,6
2032549,Hugo Costa Saramella,Unknown,Paulista A2,2003,28/02/2003,6.633333333333333,6
1469530,Victor Lustosa,Unknown,Paulista A2,2003,17/01/2003,6.633333333333333,6
1860520,Kauã Ubá,Unknown,Carioca,2005,23/12/2005,6.633333333333333,3
1482348,Juan Esteban Sanchez,Unknown,Colombia 2 Div,2006,19/10/2006,6.633333333333333,6
1526993,Mateus Cantarelli Gall,Unknown,Paulista A2,2005,21/06/2005,6.630769230769231,13
1906168,Jhon Stiwar Veira Vergara,Unknown,Colombia 2 Div,2004,21/04/2004,6.628571428571428,7
1936168,Brayan,Unknown,Paranaense,2006,03/02/2006,6.625,4
2067560,Abner Eduardo Ramos dos Santos,Unknown,Paulista A2,2009,26/05/2009,6.625,4
1485284,Luis Benedetti,Unknown,Paulista A1,2006,07/06/2006,6.625,4
1633652,Pedrinho,Unknown,Baiano,2006,19/01/2006,6.625,4
2455206,Breno Rayck da Silva Mendes,Unknown,Baiano,2005,28/04/2005,6.625,4
1589491,Arthur Nether Schiling,Unknown,Paulista A2,2005,07/11/2005,6.625,4
2084595,Gabriel Abdias,Unknown,Carioca,2006,19/06/2006,6.62,5
1650179,Gustavo Kuhn,Unknown,Paulista A2,2003,22/07/2003,6.62,5
1650015,Marcos,Unknown,Mineiro,2006,04/06/2006,6.62,5
1520881,Iago Motta,Unknown,Paranaense,2003,15/04/2003,6.62,5
1900297,Leonel Ancisar Obregón Barreiro,Unknown,Colombia 2 Div,2005,15/04/2005,6.616666666666667,6
1469520,Léo Guerra,Unknown,Paranaense,2003,11/04/2003,6.616666666666667,6
1194689,Renato Marques,Unknown,Paulista A1,2003,09/12/2003,6.616666666666667,6
1631702,Clayton Cleydson da Silva Nascimento,Unknown,Paulista A2,2004,24/02/2004,6.615384615384615,13
2026450,Guilherme da Silva Ramos,Unknown,Paulista A2,2005,28/09/2005,6.614285714285714,7
2125649,Caio Garcez,Unknown,Paulista A2,2004,06/07/2004,6.614285714285714,7
1809337,Jhonier Julio,Unknown,Colombia 2 Div,2005,04/02/2005,6.614285714285714,7
2044330,Iago,Unknown,Carioca,2006,11/06/2006,6.614285714285714,7
1587911,Gabriel Razera,Unknown,Paulista A2,2004,18/02/2004,6.611111111111111,9
1588789,Leonardo Ramon Hanna Fares,Unknown,Gaúcho,2003,12/08/2003,6.608333333333333,12
1099301,Gian Cabezas,Unknown,Mineiro,2003,01/01/2003,6.6000000000000005,6
1805166,Ryan Couto,Unknown,Carioca,2005,03/03/2005,6.6000000000000005,7
1588363,Jefinho,Unknown,Gaúcho,2006,14/12/2006,6.6000000000000005,3
2441017,Gabriel Carioca,Unknown,Mineiro,2006,05/06/2006,6.6000000000000005,6
1517440,João Pedro Jotta,Unknown,Paranaense,2003,02/02/2003,6.6000000000000005,6
2111310,Kauan Alves,Unknown,Gaúcho,2006,20/11/2006,6.6000000000000005,3
2429934,Miguel Kayk Da Silva,Unknown,Paranaense,2007,01/09/2007,6.6,2
2026233,Pedro Ferreira,Unknown,Paulista A1,2007,24/04/2007,6.6,2
1829020,Vitor Fernandes Chaves Teixeira,Unknown,Mineiro,2008,05/03/2008,6.6,2
1807858,Thiago Lubatchewsky Junior,Unknown,Paranaense,2004,14/02/2004,6.6,2
1902434,Juan David Ararat Lucumí,Unknown,Colombia 2 Div,2003,20/01/2003,6.6,2
2041505,Juan David Hoyos,Unknown,Colombia 2 Div,2004,28/08/2004,6.6,5
2437042,Ronald Kauã Lopes da Cruz,Unknown,Paranaense,2005,08/04/2005,6.6,8
1171911,Yugo Masukake,Unknown,Paranaense,2003,24/08/2003,6.6,1
2148200,Luan Guilherme Martins Fernandes,Unknown,Paranaense,2008,18/04/2008,6.6,1
2061926,Juan David Sanchez Suarez,Unknown,Colombia 2 Div,2005,08/08/2005,6.6,1
1589470,Gabriel dos Santos,Unknown,Paulista A2,2004,24/02/2004,6.6,1
2147375,Aislan de Jesus Jacinto,Unknown,Paranaense,2005,17/04/2005,6.6,2
2436731,Sidnei Fernandes Junior,Unknown,Paranaense,2003,28/03/2003,6.6,1
2249946,Sidney Duarte,Unknown,Baiano,2006,11/03/2006,6.6,1
1464929,Iván Román,Unknown,Mineiro,2006,12/07/2006,6.6,1
2039254,João Vitor,Unknown,Paulista A1,2007,03/01/2007,6.6,1
1883336,João Paulo Camargo,Unknown,Carioca,2007,12/04/2007,6.6,1
1609794,Ricardo de Sousa Oliveira,Unknown,Carioca,2003,01/02/2003,6.6,2
1633973,Isaias Pereira da Silva,Unknown,Carioca,2004,30/10/2004,6.6,1
2198470,Kauã Henrique,Unknown,Paranaense,2003,04/11/2003,6.6,5
2026351,Murilo Lelis Souza,Unknown,Paulista A2,2006,03/09/2006,6.6,1
2082072,Wesley Natã,Unknown,Carioca,2008,18/04/2008,6.6,1
1500522,Jader Manyoma,Unknown,Colombia 2 Div,2004,21/04/2004,6.6,2
2027888,Leonardo Gasco Silva Suzano,Unknown,Paulista A2,2005,02/03/2005,6.6,2
1498671,Kauan Richard,Unknown,Paulista A2,2005,18/01/2005,6.6,1
2440891,Gustavo Almeida,Unknown,Paulista A1,2006,04/01/2006,6.6,2
1485285,Luis Fernando,Unknown,Carioca,2005,18/02/2005,6.6,1
1900449,Diego Armando Díaz Caicedo,Unknown,Colombia 2 Div,2005,23/03/2005,6.6,4
1106151,Kayky,Unknown,Baiano,2003,10/06/2003,6.6,1
1170771,Keven Vinícius,Unknown,Paulista A2,2003,15/02/2003,6.5928571428571425,14
1494695,Nathan Fernandes,Unknown,Carioca,2005,16/02/2005,6.5875,8
2152412,Jhon Mario Cortes Balanta,Unknown,Colombia 2 Div,2004,01/03/2004,6.5875,8
1587804,André Santos Klaus,Unknown,Paulista A2,2004,30/03/2004,6.585714285714286,7
1647596,Pedro Estevam,Unknown,Paulista A2,2005,02/01/2005,6.585714285714286,7
1470430,Sony Anderson Cunha da Silva,Unknown,Paulista A2,2004,27/01/2004,6.584615384615384,13
1637301,Sergio Henrique Favarin,Unknown,Paulista A2,2003,30/12/2003,6.578571428571429,14
1836636,Tavinho,Unknown,Paulista A1,2004,19/07/2004,6.57,10
2043623,Kaio Ganga,Unknown,Paulista A1,2007,23/01/2007,6.566666666666666,3
2405283,Tulio  Sutilli,Unknown,Paranaense,2005,02/05/2005,6.566666666666666,3
2423625,Carlos Richard,Unknown,Baiano,2005,02/03/2005,6.566666666666666,3
2441820,Oscar Daniel Surmay Vasquez,Unknown,Colombia 2 Div,2006,09/11/2006,6.566666666666666,3
2086031,Luis Campero,Unknown,Mineiro,2003,29/03/2003,6.566666666666666,3
1189875,Pedro Henrique da Rosa,Unknown,Paulista A2,2003,14/04/2003,6.566666666666666,9
1903238,Joao Pedro dos Santos Silva,Unknown,Paranaense,2006,27/06/2006,6.566666666666666,3
1632390,Thomaz Henrique da Rocha,Unknown,Paulista A2,2005,02/08/2005,6.566666666666666,3
2168369,Miguel,Unknown,Paulista A1,2005,09/01/2005,6.566666666666666,3
1589813,Luiz Eduardo da Silva Rocha,Unknown,Paulista A2,2005,02/01/2005,6.566666666666666,3
1883272,Alan da Silva Santos,Unknown,Carioca,2007,10/05/2007,6.566666666666666,3
1906161,Junior Arbey Urresti González,Unknown,Colombia 2 Div,2006,18/01/2006,6.566666666666666,3
1175242,Vitor Graziani,Unknown,Paulista A2,2004,15/05/2004,6.566666666666666,6
1462121,Leonardo David,Unknown,Carioca,2003,26/05/2003,6.566666666666666,6
1657016,Antony Riboli Dalbello,Unknown,Paranaense,2005,26/01/2005,6.56,5
2436884,Lucas Guimarães Amorim,Unknown,Paranaense,2006,05/06/2006,6.56,5
1902425,Alex Santiago Segura Silva,Unknown,Colombia 2 Div,2003,10/04/2003,6.557142857142857,7
1634737,Pedro Ivo,Unknown,Paranaense,2004,09/06/2004,6.557142857142857,7
1994982,Enmanuel Arrechea,Unknown,Colombia 2 Div,2005,07/05/2005,6.557142857142857,7
1828978,Danillo,Unknown,Carioca,2007,22/01/2007,6.550000000000001,2
1444693,Gabriel Souza,Unknown,Carioca,2005,05/01/2005,6.550000000000001,4
1589354,Murilo Rhikman,Unknown,Mineiro,2006,13/03/2006,6.550000000000001,2
1485294,Riquelme Fillipi,Unknown,Paulista A1,2006,15/09/2006,6.550000000000001,4
1485244,Matheus Soares,Unknown,Paranaense,2005,09/01/2005,6.550000000000001,2
1808041,Yuri Leles,Unknown,Paulista A1,2007,17/04/2007,6.550000000000001,2
1464672,Ruan Lima,Unknown,Paranaense,2005,26/12/2005,6.550000000000001,2
1184837,Gustavo,Unknown,Paulista A2,2004,24/09/2004,6.550000000000001,2
2429095,Guilherme Queiroz Lima,Unknown,Baiano,2007,27/05/2007,6.55,2
1631457,Daniel Costa,Unknown,Baiano,2005,06/06/2005,6.55,2
1634619,Riquelme Freitas,Unknown,Gaúcho,2006,12/08/2006,6.55,2
1800730,Jafe Perez,Unknown,Colombia 2 Div,2005,30/01/2005,6.55,8
2057364,Larson,Unknown,Paulista A1,2005,10/07/2005,6.55,4
1631686,Léo Jance,Unknown,Carioca,2005,23/03/2005,6.55,2
1902016,Hanser Angulo,Unknown,Colombia 2 Div,2003,17/07/2003,6.55,6
2053560,Oliver,Unknown,Carioca,2005,15/12/2005,6.544444444444444,9
1589494,Cleiton,Unknown,Paranaense,2004,01/06/2004,6.542857142857143,7
1587845,Nassom de Souza  Oliveira,Unknown,Paulista A2,2003,10/02/2003,6.540000000000001,5
2164876,Juan Perdomo,Unknown,Colombia 2 Div,2005,04/11/2005,6.5375,8
1546638,Antonio Leandro Ferreira Caires,Unknown,Paulista A2,2005,29/09/2005,6.533333333333334,3
2440888,Diego Leão,Unknown,Paulista A1,2005,11/02/2005,6.533333333333334,3
1174853,Jhon Velez,Unknown,Colombia 2 Div,2003,25/07/2003,6.533333333333334,6
1640669,Deividi Oliveira da Silva,Unknown,Mineiro,2004,24/06/2004,6.533333333333334,3
1633503,Erick Belé,Unknown,Paulista A1,2007,20/01/2007,6.533333333333334,3
2057321,Victor Lasso,Unknown,Colombia 2 Div,2005,04/11/2005,6.533333333333334,3
2040668,Kleber Díaz,Unknown,Colombia 2 Div,2004,13/01/2004,6.533333333333334,3
1485725,Alexandre Balbino,Unknown,Carioca,2005,05/04/2005,6.533333333333334,3
1909790,William Mosquera Borja,Unknown,Colombia 2 Div,2005,09/01/2005,6.533333333333334,3
1545982,Davi Castro,Unknown,Paulista A2,2003,03/05/2003,6.533333333333333,9
2440897,Lucas Emanuel,Unknown,Paulista A1,2008,29/09/2008,6.528571428571429,7
1589937,Wallace Camilo,Unknown,Carioca,2004,26/07/2004,6.528571428571429,7
1170705,Kauan  Bizescki,Unknown,Gaúcho,2003,19/01/2003,6.525,4
1105782,Cadu,Unknown,Paulista A2,2003,25/03/2003,6.525,4
2035326,Maik,Unknown,Paulista A1,2005,03/01/2005,6.525,4
1589677,João Pedro Martini,Unknown,Carioca,2004,03/06/2004,6.525,8
2080409,Cláudio Gustavo,Unknown,Paulista A2,2004,09/10/2004,6.5249999999999995,12
1836103,Dyego Luis,Unknown,Paulista A2,2005,24/08/2005,6.522222222222222,9
1587895,Villian Guilherme Gonçalves Vieira,Unknown,Paulista A2,2003,20/10/2003,6.5200000000000005,10
2076799,Luis Ceballos,Unknown,Colombia 2 Div,2004,22/08/2004,6.5200000000000005,5
1478327,Junior Garcia Yusty,Unknown,Colombia 2 Div,2004,01/09/2004,6.5200000000000005,5
2040730,Cauã Marangoni dos Santos,Unknown,Mineiro,2004,14/07/2004,6.5200000000000005,5
1459787,Renan Viana,Unknown,Paranaense,2003,31/01/2003,6.5200000000000005,5
1637090,Guilherme Ferezin Guimaraes,Unknown,Paulista A2,2006,20/03/2006,6.516666666666667,6
1129113,Vitinho,Unknown,Mineiro,2004,11/11/2004,6.516666666666667,6
2440295,Mikael Costa,Unknown,Gaúcho,2006,07/12/2006,6.516666666666667,6
1175086,Rionner Fruto,Unknown,Colombia 2 Div,2003,29/03/2003,6.516666666666667,6
1631206,Gustavo Lopes Telles,Unknown,Paulista A1,2005,28/04/2005,6.514285714285714,7
2441761,Diogo Vieira Neris,Unknown,Baiano,2008,27/09/2008,6.5,2
1884605,Mateus Xavier de Sousa,Unknown,Paulista A1,2007,28/06/2007,6.5,2
1587827,Gustavo Henrique Pereira,Unknown,Paulista A1,2005,07/04/2005,6.5,1
2026354,Otávio Gonçalves,Unknown,Mineiro,2006,22/03/2006,6.5,1
1589927,Juan Batista Gonçalves Lemes,Unknown,Carioca,2003,17/03/2003,6.5,2
1469533,Gustavo Kawa,Unknown,Baiano,2004,27/02/2004,6.5,1
2438130,Tiago Sarmento Novaes,Unknown,Paranaense,2007,17/09/2007,6.5,1
1122552,Alan Minda,Unknown,Mineiro,2003,14/05/2003,6.5,4
2438960,Dani Gruber,Unknown,Paranaense,2007,31/01/2007,6.5,1
1175672,Gabriel Werner,Unknown,Gaúcho,2003,14/07/2003,6.5,1
1652398,Dudu,Unknown,Gaúcho,2003,27/07/2003,6.5,1
2032019,Keven Coloni,Unknown,Paulista A1,2005,14/04/2005,6.5,2
2448026,Nathan,Unknown,Mineiro,2005,05/08/2005,6.5,3
1590025,Hannyel Kevin Moraes Santos,Unknown,Gaúcho,2003,28/04/2003,6.5,7
2440896,Julio,Unknown,Paulista A1,2007,25/06/2007,6.5,5
1643162,João Vitor Führ,Unknown,Mineiro,2005,23/08/2005,6.5,3
1806979,Cainã Santos Da Silva,Unknown,Paranaense,2007,24/02/2007,6.5,1
1470509,Wesley Santos,Unknown,Paulista A1,2004,06/06/2004,6.5,2
1108462,Marcelinho,Unknown,Carioca,2003,15/02/2003,6.5,5
1468294,Lucas Santos Balotelli,Unknown,Paranaense,2005,27/01/2005,6.5,3
2032856,Wendel Passos,Unknown,Baiano,2006,28/02/2006,6.5,1
1634233,Rai Natalino da Silva Ramos,Unknown,Paranaense,2004,25/12/2004,6.5,5
1883341,Leonardo Nannetti,Unknown,Carioca,2007,20/08/2007,6.5,3
2440899,Nikolas,Unknown,Paulista A1,2006,06/08/2006,6.5,5
2050675,João Pedro,Unknown,Carioca,2004,04/02/2004,6.5,3
1116593,Matheus França,Unknown,Carioca,2004,01/04/2004,6.5,1
1459634,Luis Fernando,Unknown,Mineiro,2005,12/04/2005,6.5,2
2488548,Felipe Montero Alarcon,Unknown,Colombia 2 Div,2009,29/03/2009,6.5,1
2205965,Alexis Quiñónes,Unknown,Carioca,2004,08/08/2004,6.5,1
1633967,Jean Vianna de Matos,Unknown,Carioca,2004,30/03/2004,6.5,9
1829023,Índio,Unknown,Mineiro,2008,02/04/2008,6.5,2
1485598,Felipe Negrucci,Unknown,Paulista A1,2004,14/05/2004,6.5,1
1631680,Davi Melo Nagel,Unknown,Carioca,2005,20/11/2005,6.5,1
1805171,Vinícios de Matos Rebeschini,Unknown,Paranaense,2007,13/11/2007,6.5,1
1857051,Arthur Novaes,Unknown,Carioca,2008,16/09/2008,6.5,5
2155474,Mamady Cissé,Unknown,Mineiro,2007,01/01/2007,6.5,5
2118857,Cauã Soares,Unknown,Mineiro,2008,30/06/2008,6.5,1
1589993,Iago de Lacerda dos Santos,Unknown,Carioca,2006,11/06/2006,6.5,1
2171946,Emmanuel de Andrade  Egydio de Souza,Unknown,Paulista A2,2006,29/10/2006,6.49,10
2002808,Zé Pagliarini,Unknown,Paulista A2,2004,07/05/2004,6.49,10
1922597,Gui Negão,Unknown,Paulista A1,2007,06/02/2007,6.485714285714286,7
1588318,João Almeida,Unknown,Paranaense,2006,16/01/2006,6.483333333333333,6
1836781,Maykon Jesus,Unknown,Paulista A1,2005,07/12/2005,6.483333333333333,6
1631569,Kauê Muniz Nunes,Unknown,Paulista A2,2003,10/06/2003,6.483333333333333,6
2029968,Tiago Brito,Unknown,Paranaense,2003,14/04/2003,6.483333333333333,6
2191860,Robinho Júnior,Unknown,Paulista A1,2007,17/12/2007,6.4799999999999995,5
2443995,Bernardo,Unknown,Carioca,2004,09/10/2004,6.4799999999999995,5
2030884,Marcão,Unknown,Paranaense,2005,13/01/2005,6.4799999999999995,5
1906069,Edwin Alexander Martínez González,Unknown,Colombia 2 Div,2004,19/03/2004,6.4750000000000005,8
1904630,Jordi Hernández Pérez,Unknown,Colombia 2 Div,2006,13/04/2006,6.475,4
2174504,Lucas Lohan dos Santos Verediana,Unknown,Baiano,2006,10/07/2006,6.475,4
1906116,Uberney Rovira Márquez,Unknown,Colombia 2 Div,2005,16/09/2005,6.475,4
1913838,Yeison Alejandro Castillo Caicedo,Unknown,Colombia 2 Div,2006,29/05/2006,6.475,4
2442978,Adriano,Unknown,Carioca,2005,03/01/2005,6.475,4
1459762,Daniel Sales,Unknown,Carioca,2006,23/06/2006,6.475,4
1654423,Thalles,Unknown,Paulista A1,2005,28/04/2005,6.475,4
1469621,Xavier,Unknown,Mineiro,2004,20/02/2004,6.475,8
1930193,Zé Gabriel,Unknown,Carioca,2003,17/02/2003,6.471428571428572,7
2452184,Johan Parra,Unknown,Colombia 2 Div,2004,24/09/2004,6.471428571428571,7
1910568,Talisca,Unknown,Baiano,2003,20/03/2003,6.466666666666666,3
2025616,Marcos Eduardo  Alves Santiago,Unknown,Paulista A2,2006,27/01/2006,6.466666666666666,6
2057367,Kauã Moraes,Unknown,Mineiro,2006,29/09/2006,6.466666666666666,3
1902436,Luis Angel Yánez Rodríguez,Unknown,Colombia 2 Div,2006,13/11/2006,6.466666666666666,6
1459629,Ítalo Isaac,Unknown,Carioca,2004,20/02/2004,6.466666666666666,3
1883344,Lucas Vieira dos Santos,Unknown,Carioca,2007,08/03/2007,6.466666666666666,3
1633656,Pedro Brito,Unknown,Paranaense,2005,11/12/2005,6.466666666666666,3
1589424,Fabrício,Unknown,Paranaense,2004,19/01/2004,6.466666666666666,3
1650156,Rafael  Da Conceição,Unknown,Mineiro,2004,09/02/2004,6.4624999999999995,8
1602380,Tomas Molina,Unknown,Colombia 2 Div,2004,28/04/2004,6.459999999999999,5
2165058,Johan sebastian Alegria lopez,Unknown,Colombia 2 Div,2007,11/08/2007,6.459999999999999,5
1831288,Edmilson Herazo,Unknown,Colombia 2 Div,2008,19/09/2008,6.457142857142857,7
1947816,Guilherme Papaléo de Alvarenga,Unknown,Paranaense,2005,08/04/2005,6.457142857142857,7
1892395,Nicolas Bosshardt,Unknown,Paulista A1,2007,08/04/2007,6.45,4
1831095,Caio Suassuna,Unknown,Baiano,2007,22/03/2007,6.45,4
2025640,Kauan Augusto Stabelini,Unknown,Paranaense,2007,13/05/2007,6.45,2
1884629,João Pedro Afonso,Unknown,Baiano,2008,06/04/2008,6.45,4
1199262,Dourado,Unknown,Mineiro,2004,17/05/2004,6.45,6
1900296,José Ismael Cundumí Narváez,Unknown,Colombia 2 Div,2004,18/09/2004,6.45,2
1482339,William López,Unknown,Colombia 2 Div,2006,19/09/2006,6.449999999999999,2
2440187,Pedro Lucas,Unknown,Gaúcho,2003,05/05/2003,6.449999999999999,2
2429684,João Bezerra,Unknown,Gaúcho,2009,29/06/2009,6.449999999999999,4
1631401,João Gabriel Rodrigues Botão,Unknown,Paranaense,2006,25/05/2006,6.449999999999999,2
2221654,Guilherme Buscarioli,Unknown,Mineiro,2006,30/01/2006,6.44,5
2209605,Kauan Cunha,Unknown,Paulista A1,2006,01/06/2006,6.44,5
1389980,Kevyson,Unknown,Paulista A1,2004,29/03/2004,6.433333333333334,3
1882417,Victor Vinicius Ferraz,Unknown,Paranaense,2007,19/04/2007,6.433333333333334,3
1829022,Kauã Pascini,Unknown,Mineiro,2008,05/03/2008,6.433333333333334,3
1906108,Jhonier David Zárante Bello,Unknown,Colombia 2 Div,2007,24/06/2007,6.433333333333334,6
2410020,Gabriel Adriano da Costa,Unknown,Mineiro,2008,10/04/2008,6.433333333333334,3
2199726,David  Santiago García Cardona,Unknown,Colombia 2 Div,2005,24/05/2005,6.433333333333334,3
1587824,Fubá,Unknown,Carioca,2003,07/03/2003,6.428571428571429,7
1809348,Mauricio Medina,Unknown,Colombia 2 Div,2005,09/04/2005,6.425000000000001,4
1545726,Robinho,Unknown,Paranaense,2004,10/03/2004,6.425000000000001,4
2440198,Brayan Diaz,Unknown,Mineiro,2005,09/04/2005,6.425,4
1517147,Athyrson,Unknown,Paulista A2,2004,06/01/2004,6.425,4
2032021,Zé Adilson,Unknown,Gaúcho,2004,10/02/2004,6.42,5
2440893,João Damião,Unknown,Paulista A1,2008,26/09/2008,6.42,5
1589293,Luan,Unknown,Baiano,2004,04/12/2004,6.42,5
1882409,Murilo Camargo,Unknown,Paranaense,2009,20/02/2009,6.4,1
1631402,Renan Gustavo Ribeiro Moreira,Unknown,Mineiro,2005,16/02/2005,6.4,1
1590246,Caick,Unknown,Mineiro,2005,29/12/2005,6.4,1
1485280,Kauan Silva Sales,Unknown,Paulista A2,2003,23/10/2003,6.4,1
2441007,Ruan Nunes,Unknown,Gaúcho,2008,26/05/2008,6.4,1
2441006,Inácio,Unknown,Gaúcho,2006,15/05/2006,6.4,5
1466535,Lucas Fogaça,Unknown,Gaúcho,2005,23/12/2005,6.4,1
1587947,Matheus Grecco Ribeiro,Unknown,Gaúcho,2004,14/05/2004,6.4,1
2456434,Ryan,Unknown,Mineiro,2003,21/06/2003,6.4,2
1185617,Alexsander,Unknown,Mineiro,2003,08/10/2003,6.4,2
1828961,Felipe de Souza Januário,Unknown,Carioca,2007,03/05/2007,6.4,2
1588301,Gabriel de Lima,Unknown,Baiano,2003,23/07/2003,6.4,2
2452200,Javier Eder Torres,Unknown,Colombia 2 Div,2009,24/10/2009,6.4,4
1174621,Benassi,Unknown,Paranaense,2003,17/12/2003,6.4,2
2441811,Thiago Ferreira Santos,Unknown,Baiano,2006,01/01/2006,6.4,1
2205975,Neider Parra,Unknown,Colombia 2 Div,2005,30/04/2005,6.4,1
1634178,Giovani Alvisi,Unknown,Paranaense,2003,24/01/2003,6.4,1
1633881,Deivid da Silva Santos,Unknown,Paulista A2,2004,19/12/2004,6.4,2
1633885,Diego Gomes Clemente,Unknown,Paranaense,2004,27/01/2004,6.4,4
1904873,Cristian Yesid Holguín Lora,Unknown,Colombia 2 Div,2004,08/07/2004,6.4,2
2441840,Nicolás Ernesto Hernández Pinilla,Unknown,Colombia 2 Div,2004,02/10/2004,6.4,1
2228207,Farid Camilo Tamayo Mosquera,Unknown,Colombia 2 Div,2007,25/10/2007,6.4,1
1807875,"Gustavo Amaro Machado ""Guru""",Unknown,Paranaense,2006,18/05/2006,6.3999999999999995,3
1906023,Felix Mosquera Ramírez,Unknown,Colombia 2 Div,2006,24/07/2006,6.3999999999999995,3
1467773,Gustavo Lacerda,Unknown,Paulista A2,2004,06/10/2004,6.3999999999999995,7
1588234,Wellington Silva,Unknown,Paranaense,2005,04/01/2005,6.3999999999999995,3
1473192,João Andrade,Unknown,Baiano,2006,15/06/2006,6.3999999999999995,3
1536246,Juan Pablo Aristizábal,Unknown,Colombia 2 Div,2005,10/09/2005,6.375,4
2420828,Fabio  Santos Nascimento,Unknown,Paulista A2,2004,02/08/2004,6.375,8
1890696,Alisson Rodrigues de Melo,Unknown,Gaúcho,2008,31/07/2008,6.375,4
2426302,Glaucon,Unknown,Paulista A2,2006,02/04/2006,6.375,4
2035930,Luiz Felipe,Unknown,Mineiro,2004,04/12/2004,6.371428571428572,7
2039648,Jean Paul Angulo Quiñonez,Unknown,Colombia 2 Div,2005,11/10/2005,6.366666666666667,3
1602833,João Victor,Unknown,Carioca,2007,02/01/2007,6.366666666666667,3
2282985,Kadir Barría,Unknown,Carioca,2007,18/07/2007,6.366666666666667,3
2206039,Yull Preciado,Unknown,Colombia 2 Div,2005,15/04/2005,6.366666666666667,3
2030392,Luizão,Unknown,Paranaense,2006,27/01/2006,6.35,2
2442922,João Valença,Unknown,Carioca,2006,26/04/2006,6.35,2
1639122,Pedro Lima,Unknown,Baiano,2003,20/01/2003,6.35,8
1587854,Alex Moretti,Unknown,Carioca,2003,25/09/2003,6.35,4
1888163,Raykkonen Pereira Soares,Unknown,Gaúcho,2008,13/07/2008,6.35,2
1495892,Ruan Lucas de Assis,Unknown,Mineiro,2004,20/04/2004,6.35,4
2124404,João Lopes,Unknown,Paulista A2,2005,08/01/2005,6.35,2
1647651,Mateus Henrique Cardoso da Silva,Unknown,Paulista A2,2005,13/06/2005,6.35,2
1884816,Wallace Davi,Unknown,Carioca,2007,10/05/2007,6.35,2
1589464,João Pedro Santos Oliveira,Unknown,Paranaense,2005,01/12/2005,6.35,2
1883363,Ryan Roberto,Unknown,Carioca,2008,05/03/2008,6.35,2
1807595,Michell Perez,Unknown,Colombia 2 Div,2004,19/12/2004,6.3428571428571425,7
1516708,Kauan Rodrigues,Unknown,Mineiro,2005,16/04/2005,6.333333333333333,3
1462224,Léo Herrero,Unknown,Paranaense,2004,10/04/2004,6.333333333333333,3
1634167,Arthur Fernandes,Unknown,Paulista A2,2003,19/06/2003,6.32,5
2077469,Carlos Augusto Tosta dos Santos,Unknown,Baiano,2008,15/05/2008,6.300000000000001,2
1589382,Renato Victor,Unknown,Paranaense,2004,03/08/2004,6.300000000000001,2
2440291,Pedrinho,Unknown,Mineiro,2003,07/01/2003,6.3,1
1485503,Samuel,Unknown,Mineiro,2004,09/01/2004,6.3,1
2165315,André Silveira Rodrigues,Unknown,Paulista A2,2007,04/08/2007,6.3,1
1590315,Enzo Duscov Boer,Unknown,Paulista A2,2005,06/01/2005,6.3,2
2054072,Jajá,Unknown,Paulista A2,2005,26/11/2005,6.3,1
1633779,Lucas Dias do Rosario,Unknown,Paulista A2,2005,10/03/2005,6.3,1
2026934,Leonardo Souza de Oliveira,Unknown,Paulista A2,2005,20/05/2005,6.3,1
1878736,Diego Minete,Unknown,Carioca,2009,26/01/2009,6.3,1
1482358,Bahia,Unknown,Paulista A1,2006,02/01/2006,6.3,1
1589933,Welington Zarú,Unknown,Carioca,2004,18/09/2004,6.3,1
2035892,Cayke,Unknown,Carioca,2005,13/09/2005,6.3,1
1634144,Guilherme Estrella,Unknown,Carioca,2005,22/04/2005,6.3,1
2122414,Igor,Unknown,Baiano,2005,02/07/2005,6.3,1
1883293,David Viana de Oliveira,Unknown,Carioca,2007,18/05/2007,6.3,2
1470165,João Gabriel,Unknown,Paulista A1,2005,24/02/2005,6.3,2
1633536,Pedro Silva,Unknown,Carioca,2004,20/07/2004,6.3,1
2084495,Kauan Vitor Silva Ferreira de Melo,Unknown,Baiano,2006,15/06/2006,6.3,1
2428433,Arthur Izaque,Unknown,Carioca,2007,29/06/2007,6.283333333333334,6
1589134,Wanderson Barros de Sousa,Unknown,Mineiro,2004,14/04/2004,6.283333333333334,6
1902433,Néstor Camilo Durán Rueda,Unknown,Colombia 2 Div,2004,11/12/2004,6.279999999999999,5
2447770,Luan,Unknown,Carioca,2007,13/07/2007,6.275,4
1539987,Ryan Andrade,Unknown,Carioca,2004,13/05/2004,6.25,4
1864297,Lucas Taverna,Unknown,Paranaense,2007,08/05/2007,6.25,2
2270394,Jhon Mauricio Maturana Carabalí,Unknown,Colombia 2 Div,2009,26/11/2009,6.25,4
1107067,João Victor Balão,Unknown,Paulista A1,2003,07/01/2003,6.25,2
1804699,Gustavo Veiga,Unknown,Paranaense,2006,16/01/2006,6.2,1
2075010,Weimar Vivas Palacios,Unknown,Paulista A1,2006,17/10/2006,6.2,1
1951930,Juan Jose Rey Hernandez,Unknown,Colombia 2 Div,2007,10/08/2007,6.2,1
1524110,Fabrício Dias,Unknown,Paulista A1,2004,26/08/2004,6.2,1
2076565,Lyan Araujo,Unknown,Baiano,2009,17/02/2009,6.2,3
1588309,Gabriel Bartelli,Unknown,Baiano,2004,25/01/2004,6.2,2
2169670,Yaiker Moya,Unknown,Colombia 2 Div,2009,15/09/2009,6.2,1
1411160,Thomás Agustin Fretes,Unknown,Mineiro,2004,16/03/2004,6.2,1
1805161,Gabriel de Azevedo,Unknown,Carioca,2005,07/01/2005,6.2,4
2033845,Daniel Bolt,Unknown,Paulista A2,2005,05/09/2005,6.199999999999999,2
1883339,Johnny Monteiro,Unknown,Carioca,2007,27/03/2007,6.199999999999999,2
1517441,Tarcísio Muniz,Unknown,Paulista A1,2003,30/08/2003,6.166666666666667,3
2463605,Cauã Mendes,Unknown,Carioca,2006,26/10/2006,6.166666666666667,3
2436883,Kayke Ayrton,Unknown,Paranaense,2008,26/04/2008,6.15,2
1633621,Robert Alves,Unknown,Mineiro,2005,03/02/2005,6.15,2
1831101,Rayan Lelis,Unknown,Mineiro,2007,19/01/2007,6.15,2
1470521,André Cardoso,Unknown,Paranaense,2003,17/05/2003,6.15,2
1637198,Flavio dos Reis Frazão,Unknown,Paulista A2,2004,04/01/2004,6.15,2
1645760,Marlon Cavalcanti,Unknown,Paulista A2,2005,19/06/2005,6.15,4
1799269,Cauã Coutinho,Unknown,Carioca,2004,01/01/2004,6.1499999999999995,6
1589358,Otávio Costa,Unknown,Mineiro,2005,27/12/2005,6.1000000000000005,3
1588708,Guilherme Victor,Unknown,Paulista A2,2004,29/01/2004,6.1,1
2055835,Vinicius Meireles,Unknown,Paulista A2,2005,10/07/2005,6.1,1
2453450,Yojhan Estiben Sánchez Caicedo,Unknown,Colombia 2 Div,2005,07/09/2005,6.1,1
2441493,Rodrigo Silva Villas Bôas Villela,Unknown,Paulista A2,2008,04/06/2008,6.1,2
2185481,Marquinhos,Unknown,Carioca,2007,15/02/2007,6.0,4
1917863,Gusttavo Sousa,Unknown,Carioca,2006,10/01/2006,5.95,2
1561524,Júlio Fidelis,Unknown,Carioca,2006,06/11/2006,5.9,2
1631591,Matheus Henrique Rocha,Unknown,Paulista A2,2006,10/06/2006,5.8,1
2443393,Cristian David Banguera  Sinisterra,Unknown,Paranaense,2006,02/09/2006,5.633333333333333,3
1857062,Rogerinho,Unknown,Carioca,2008,11/04/2008,5.2,1
1640597,Carbone,Unknown,Carioca,2005,29/01/2005,3.0,1
